0.9000000000000000222045	0.2999999999999999888978	-142.010633	-142.233776	0.000000	1.000000
0.9956327456983271595448	0.3411448679910831227602	-107.583743	-107.806886	0.867000	1.000000
1.0205219597666403963387	0.3801702475938260050725	-93.609389	-93.832532	0.867000	1.000000
1.0197239904209125516132	0.3816594866154923715307	-93.249549	-93.472692	0.867000	1.000000
1.0040002861728829497423	0.4131694571823306127989	-87.190778	-87.413921	0.867000	1.000000
0.9383039374257403641977	0.4644645927919240913084	-83.851581	-84.074724	0.867000	1.000000
0.9546248355791870920939	0.4693718069644228774173	-82.686709	-82.909852	0.867000	1.000000
0.9659333506424254700562	0.4970111999844404881976	-80.780516	-81.003660	0.867000	1.000000
0.9652808985030544297601	0.5300555076114472630167	-80.107671	-80.330815	0.867000	1.000000
1.0154334175708905618762	0.5182538600900964409490	-79.092353	-79.315496	0.867000	1.000000
1.0018931928455332425187	0.4962261414614171362025	-79.811964	-80.035107	0.867000	1.000000
1.0052225564948447100733	0.5162561293311900278979	-79.278738	-79.501881	0.867000	1.000000
0.9741940245867400927082	0.5038936226414763019932	-80.287175	-80.510318	0.867000	1.000000
0.9424745905457334593791	0.5456039825217540162328	-80.835469	-81.058613	0.867000	1.000000
1.0237372683842889120598	0.5350687440197585686974	-78.902633	-79.125776	0.867000	1.000000
1.0298614892542767851324	0.5086480342445071078927	-79.083058	-79.306202	0.867000	1.000000
1.0343255865877092336547	0.4915447580344489142412	-79.520461	-79.743605	0.867000	1.000000
1.0158567450830069400780	0.4848563841115453576514	-79.998859	-80.222003	0.867000	1.000000
0.9971396203745673814112	0.4867994168006496424894	-80.276114	-80.499257	0.867000	1.000000
0.9800300014102116819004	0.4688481261521504905865	-81.743034	-81.966178	0.867000	1.000000
1.0074347415358839707977	0.4597400656488427328483	-81.656851	-81.879994	0.867000	1.000000
1.0041557567832484210157	0.6053452119084923310766	-80.562785	-80.785928	0.867000	1.000000
0.9947636262227173009620	0.5767729775871326403092	-79.845283	-80.068426	0.867000	1.000000
1.0458922145177562690321	0.5779081106811438939275	-79.384250	-79.607393	0.867000	1.000000
1.0528823610235678032154	0.5720572193974545749384	-79.235422	-79.458565	0.867000	1.000000
1.0443242897425517590193	0.5740321077215555511941	-79.291197	-79.514341	0.867000	1.000000
1.0363269337918239454410	0.5769694789466461859462	-79.392143	-79.615287	0.867000	1.000000
1.0620597922400485391137	0.5449952495994885293129	-78.824246	-79.047389	0.867000	1.000000
1.0473080965140195708329	0.5333061931441812619781	-78.763890	-78.987033	0.867000	1.000000
1.0774279175253447249361	0.4745230406202305406538	-80.365589	-80.588733	0.867000	1.000000
1.0928772938378288337447	0.4845317925293913252638	-80.084027	-80.307170	0.867000	1.000000
1.0914841154939523004685	0.5407224497841844890189	-79.043564	-79.266708	0.867000	1.000000
1.0446065093387379985046	0.5226606422837531962244	-78.809600	-79.032744	0.867000	1.000000
1.0359087351496765183612	0.4824540796419810595452	-79.881535	-80.104679	0.867000	1.000000
1.0647312820890664220030	0.5289320554981982169807	-78.793756	-79.016899	0.867000	1.000000
1.0641094040904781614643	0.5202502807750293278843	-78.845991	-79.069135	0.867000	1.000000
1.0843931715661787595906	0.5303295112589511139944	-78.946435	-79.169578	0.867000	1.000000
1.0865455827657901632932	0.5072076844529217476421	-79.244427	-79.467571	0.867000	1.000000
1.0795203157532704540955	0.5133798070537961555360	-79.046351	-79.269494	0.867000	1.000000
1.0922540940318168356526	0.5450100572707253787641	-79.077951	-79.301095	0.867000	1.000000
1.0690468340339025488106	0.5019703536834461132798	-79.192059	-79.415203	0.867000	1.000000
1.0765791008203218215300	0.4748441801837109954576	-80.338400	-80.561543	0.867000	1.000000
1.0596671192457991494962	0.4659872131163930175646	-80.754787	-80.977931	0.867000	1.000000
1.0657629776162897972114	0.5248004055978146009664	-78.817666	-79.040809	0.867000	1.000000
1.0916430480713386064195	0.5204736482351756121645	-79.104717	-79.327861	0.867000	1.000000
1.0568886604082718960740	0.5615006867329438433600	-79.024069	-79.247212	0.867000	1.000000
1.0632439987704973560767	0.5272657977597906553413	-78.793596	-79.016740	0.867000	1.000000
1.0830067052845073760636	0.5431276194733940521076	-78.954937	-79.178081	0.867000	1.000000
1.0322191421868727179145	0.5420380860913179832394	-78.855210	-79.078354	0.867000	1.000000
1.0012413230589427559636	0.5888585623946243075011	-80.062479	-80.285622	0.867000	1.000000
1.0144702238402534266726	0.5802327728930799510820	-79.651053	-79.874196	0.867000	1.000000
1.0265433603565539133484	0.4786439234299538214579	-80.151023	-80.374167	0.867000	1.000000
1.0528435849696444748247	0.4940016725931578034370	-79.369476	-79.592619	0.867000	1.000000
1.0647285955520622291459	0.4927614701101344363288	-79.443727	-79.666870	0.867000	1.000000
0.9832909512995577916428	0.5766939668520585371425	-80.061381	-80.284524	0.867000	1.000000
1.0165488681132084369807	0.5487024372664139892919	-79.052844	-79.275988	0.867000	1.000000
1.0359766371994938438661	0.5550369948342368520144	-78.961247	-79.184391	0.867000	1.000000
1.0208158051818621014917	0.5362192200662696528468	-78.934502	-79.157646	0.867000	1.000000
1.0204412808470324502963	0.5583096145293323653291	-79.129166	-79.352309	0.867000	1.000000
1.0177889642641242406995	0.5229020412675046136641	-79.013845	-79.236989	0.867000	1.000000
1.0209150046029300540340	0.5304613434074433309107	-78.936079	-79.159223	0.867000	1.000000
1.0931324150836021491529	0.5262596117771707326938	-79.078634	-79.301777	0.867000	1.000000
1.0792897484383816575360	0.5469891900461294476088	-78.947545	-79.170688	0.867000	1.000000
1.0247034044760516824368	0.4997797599390919054407	-79.345295	-79.568438	0.867000	1.000000
1.0750796925300472040021	0.5045880354639230569447	-79.175122	-79.398266	0.867000	1.000000
1.0686103286617139040970	0.5121984927510905283299	-78.974697	-79.197840	0.867000	1.000000
1.0611551471798315038342	0.5116702698435153795486	-78.947410	-79.170554	0.867000	1.000000
1.0741617633341160598093	0.5389066807248653612206	-78.854396	-79.077540	0.867000	1.000000
1.0322613986726092427659	0.5767320470115595565375	-79.408061	-79.631205	0.867000	1.000000
1.0260830223593360166490	0.5301860317345558071267	-78.884012	-79.107156	0.867000	1.000000
1.0002258989391039634143	0.5065888515883728571154	-79.554734	-79.777877	0.867000	1.000000
1.0493254415641308785467	0.5400595447944412930141	-78.777915	-79.001059	0.867000	1.000000
1.0568677807316027017492	0.5216440020747763472997	-78.811228	-79.034372	0.867000	1.000000
1.0669102650529944664726	0.5230557527513068905023	-78.835531	-79.058674	0.867000	1.000000
1.0699160812695869271494	0.5407815638178861128438	-78.833700	-79.056843	0.867000	1.000000
1.0519245771534788680412	0.5001194650563967059043	-79.184553	-79.407696	0.867000	1.000000
1.0234603937420077013343	0.5415176084230788333684	-78.925068	-79.148211	0.867000	1.000000
1.0718365296352783122558	0.5578838626402510270097	-79.022466	-79.245609	0.867000	1.000000
1.0788005655910477553761	0.5773282364207706907067	-79.469449	-79.692593	0.867000	1.000000
1.1212773431275349089731	0.5954367808765649305869	-80.571198	-80.794341	0.867000	1.000000
1.1048475701082633992911	0.6018726210715896751680	-80.503517	-80.726661	0.867000	1.000000
1.0927427085325605027322	0.5841152855409668109843	-79.788036	-80.011180	0.867000	1.000000
1.0500611803915262942866	0.5336923307750013334427	-78.760594	-78.983737	0.867000	1.000000
1.0953494302300874618794	0.5442205925532864752014	-79.116119	-79.339263	0.867000	1.000000
1.0703257460923276678244	0.5290153366430262460440	-78.824124	-79.047268	0.867000	1.000000
1.0562740445347567064260	0.5274339615614719312120	-78.773974	-78.997118	0.867000	1.000000
1.0341765606833392965314	0.5163010069866936779803	-78.924966	-79.148110	0.867000	1.000000
1.0500005358103394748071	0.5124173780923969578893	-78.920833	-79.143977	0.867000	1.000000
1.0382336494867556719868	0.5588280202887883074681	-79.006832	-79.229975	0.867000	1.000000
1.0844989977469021713574	0.6164272437787371439200	-80.817459	-81.040602	0.867000	1.000000
1.0250089451430879350369	0.5922447988911299088244	-79.899555	-80.122698	0.867000	1.000000
1.0668792501970765229657	0.5642088274720676865925	-79.103973	-79.327116	0.867000	1.000000
1.0675340861030775396756	0.5749155442897673218283	-79.338653	-79.561796	0.867000	1.000000
1.0420516164517039658932	0.5876316687195489718576	-79.665536	-79.888680	0.867000	1.000000
1.0972505015854576715384	0.5360399980395889052431	-79.115732	-79.338875	0.867000	1.000000
1.0930413747697969029105	0.5293327545760279084774	-79.062112	-79.285256	0.867000	1.000000
1.0497883643813288312430	0.5486428617843999155923	-78.842011	-79.065154	0.867000	1.000000
1.0001466322095651229063	0.5218255671104022885842	-79.303437	-79.526581	0.867000	1.000000
1.0365399688355489971059	0.5130552879392322740415	-78.956486	-79.179629	0.867000	1.000000
0.9998964261463606506553	0.5259882726996123469831	-79.272265	-79.495409	0.867000	1.000000
1.0125317904177959515977	0.5454236307917101900244	-79.075989	-79.299132	0.867000	1.000000
1.0560273037260368145240	0.5732211007449719009088	-79.264691	-79.487834	0.699500	1.000000
1.1281075704317886643224	0.5248225084453451705357	-79.829866	-80.053009	0.699500	1.000000
1.0194844868673778037760	0.5339055092478327546601	-78.947746	-79.170890	0.699500	1.000000
1.0033900099498034297341	0.5431858578170472018343	-79.198474	-79.421618	0.699500	1.000000
1.0876054152388410223296	0.5247744364542267225815	-79.011942	-79.235086	0.699500	1.000000
1.0314984415494188318974	0.4583350339106885273921	-81.391368	-81.614512	0.699500	1.000000
1.0954760173683362189934	0.5246818015817777958176	-79.125034	-79.348178	0.699500	1.000000
1.0569217548915927906705	0.5089921116213060869882	-78.984219	-79.207363	0.699500	1.000000
1.0977381701731654395360	0.5158323149785056793704	-79.259549	-79.482692	0.699500	1.000000
1.1837801537135963503289	0.6242714273722558271373	-83.231946	-83.455090	0.699500	1.000000
1.1464957348057540631459	0.4924086774048343495558	-81.256907	-81.480050	0.699500	1.000000
1.0262102844553453451226	0.5081560274111542874209	-79.127045	-79.350188	0.699500	1.000000
1.1108172268973326435315	0.5946562375315458393032	-80.358229	-80.581372	0.699500	1.000000
1.0765574299836608851422	0.5783892570503199603849	-79.479345	-79.702489	0.699500	1.000000
1.0475181285847627865593	0.4949576747927220132794	-79.342536	-79.565680	0.699500	1.000000
0.9848637105819745274360	0.5093685954571093299492	-79.846885	-80.070028	0.699500	1.000000
1.0583119694821454537248	0.6213021342818958459020	-80.888357	-81.111501	0.699500	1.000000
1.0092629302987052852814	0.5198441885552522734315	-79.165061	-79.388205	0.699500	1.000000
1.0398879911532512565486	0.5232567035329172000502	-78.822298	-79.045441	0.699500	1.000000
1.0188993632328309235646	0.5513255500686502497132	-79.053106	-79.276250	0.699500	1.000000
1.0231266562227097072224	0.5635333727268554415701	-79.190620	-79.413763	0.699500	1.000000
1.1470623998983962010811	0.5757556986947840460545	-80.680826	-80.903969	0.699500	1.000000
0.9402076377744351676213	0.5083062876143569219778	-81.420780	-81.643923	0.699500	1.000000
0.9799625269425937812429	0.5802657423147182802481	-80.215522	-80.438666	0.699500	1.000000
1.0227079952118207639700	0.6109634865171228446101	-80.578305	-80.801449	0.699500	1.000000
1.0871108852738373684588	0.5665626748677232704665	-79.306142	-79.529286	0.699500	1.000000
1.0427929474352863881137	0.5427165486110299141842	-78.806512	-79.029655	0.699500	1.000000
1.0994460170480813143712	0.6019679894543277232088	-80.432376	-80.655520	0.699500	1.000000
1.0452604759824684066416	0.5107666346606569707234	-78.956818	-79.179961	0.699500	1.000000
0.9722568276068055403982	0.5428841417289568260784	-79.877054	-80.100198	0.699500	1.000000
1.0121824376665264910713	0.5671553777637478033213	-79.377556	-79.600700	0.699500	1.000000
1.0735710535040805524432	0.5812977272497881209290	-79.535925	-79.759068	0.699500	1.000000
1.0201782502582976697170	0.4647015098491368290112	-81.065822	-81.288965	0.699500	1.000000
1.0704722572418057247035	0.5045138802017826717972	-79.139634	-79.362777	0.699500	1.000000
1.0636602476981611431484	0.5412657224218752061162	-78.805089	-79.028232	0.699500	1.000000
1.0426151058659551829066	0.5723968263944798628984	-79.257248	-79.480391	0.699500	1.000000
1.0108800516743792208274	0.5381246011344450463909	-79.063454	-79.286598	0.699500	1.000000
1.0137486067544625445436	0.5878108985984840106909	-79.870069	-80.093212	0.699500	1.000000
1.1173336238496363037598	0.5670019731524840178594	-79.784948	-80.008092	0.699500	1.000000
0.9683270675929112059066	0.5201910330249874814257	-80.120555	-80.343699	0.699500	1.000000
1.0705458627218344958010	0.5932081783228106974803	-79.872922	-80.096066	0.699500	1.000000
1.0159590377886129619611	0.6307062798460366659370	-81.461567	-81.684711	0.699500	1.000000
0.9546846267730711987909	0.4912689012064963001158	-81.434656	-81.657799	0.699500	1.000000
1.0681128929188683507334	0.4560144719132661061956	-81.532585	-81.755729	0.699500	1.000000
1.0392588110551765900880	0.5254356339349657289972	-78.811009	-79.034153	0.699500	1.000000
0.9493949119959541604885	0.5262720783817456116083	-80.684619	-80.907762	0.699500	1.000000
1.0426537888133324827322	0.5963278435294925294841	-79.941173	-80.164317	0.699500	1.000000
1.0199323339900732143803	0.5552849644370370096880	-79.090907	-79.314050	0.699500	1.000000
1.0245259334686951380178	0.5160281564567492651463	-79.011394	-79.234537	0.699500	1.000000
1.0919677213961083150906	0.5426695485233876681264	-79.059524	-79.282668	0.699500	1.000000
1.0135253841014382203412	0.5176515672355329611420	-79.126690	-79.349834	0.699500	1.000000
1.0297750064685486925953	0.5902582099315811792195	-79.803439	-80.026582	0.699500	1.000000
1.0091564549535241290812	0.5272933708589544465895	-79.104926	-79.328069	0.699500	1.000000
1.0731176236617541164264	0.4721367010366052663350	-80.457716	-80.680860	0.699500	1.000000
1.0486955430734767880097	0.4827435208394588728176	-79.813902	-80.037046	0.699500	1.000000
1.1595553321957003944931	0.5375060033471754650236	-80.760684	-80.983828	0.699500	1.000000
0.9532042023673353847713	0.5134653559267822187095	-80.762521	-80.985665	0.699500	1.000000
1.0425380874110699025437	0.6554162243329800796587	-82.507907	-82.731051	0.699500	1.000000
1.0309691120516788487294	0.6365773982270447328702	-81.622833	-81.845977	0.699500	1.000000
0.9666306969051270403526	0.5435448922920598224806	-80.036535	-80.259679	0.699500	1.000000
1.0771705470456738318319	0.5109089515460051300622	-79.064423	-79.287566	0.699500	1.000000
1.0160988072254175662579	0.5461239533235078269513	-79.035895	-79.259039	0.699500	1.000000
1.0245124992228664684291	0.5120203098371677308265	-79.072655	-79.295799	0.699500	1.000000
1.0421021803503054403706	0.5143849222241466678796	-78.909288	-79.132432	0.699500	1.000000
0.9888928789919523287821	0.5605111288021994431219	-79.641504	-79.864648	0.699500	1.000000
1.0780556433991543840989	0.5092590046987485186136	-79.103672	-79.326816	0.699500	1.000000
1.0583150006918531360611	0.5471653066345905092049	-78.832852	-79.055996	0.699500	1.000000
1.0466177532324210108783	0.5501044538462404043244	-78.861764	-79.084907	0.699500	1.000000
1.1015856867110118688657	0.5049855938321511361622	-79.541349	-79.764493	0.699500	1.000000
1.1219838440035609927747	0.5782225532036524562329	-80.114465	-80.337608	0.699500	1.000000
1.0013508772945867164594	0.6033881911180056789590	-80.531037	-80.754181	0.699500	1.000000
0.9647725253150131186075	0.5409882850560758793534	-80.087344	-80.310487	0.699500	1.000000
0.9784946137853933745276	0.5656985531120891641521	-79.948123	-80.171267	0.699500	1.000000
1.0195765599461785733126	0.4785716218453417436507	-80.243371	-80.466515	0.699500	1.000000
1.0923971445175750805134	0.5115487210262792405757	-79.242743	-79.465886	0.699500	1.000000
1.0145815813120557802307	0.5831382590907220331289	-79.727722	-79.950866	0.699500	1.000000
1.0554247283345044028380	0.5470715108956938355078	-78.827485	-79.050629	0.699500	1.000000
1.0640566620483888904403	0.5795692422416887090719	-79.442678	-79.665822	0.699500	1.000000
1.0631494004495127825294	0.5200640915689526133647	-78.843756	-79.066899	0.699500	1.000000
1.0757524957377992969043	0.5710260658268199174259	-79.296867	-79.520010	0.699500	1.000000
1.0373116282203609372914	0.5215633706283263615333	-78.848728	-79.071871	0.699500	1.000000
1.0607966678057663134638	0.5423721997270820605053	-78.801790	-79.024933	0.699500	1.000000
1.0434398056603073623450	0.5707582399819098872840	-79.217675	-79.440818	0.699500	1.000000
1.0072308369728253385489	0.5631845440812791592222	-79.369894	-79.593037	0.699500	1.000000
0.9709910188790421559091	0.4934657547540483024662	-80.741859	-80.965003	0.699500	1.000000
1.0770423934652795239231	0.5998204115707121975021	-80.134073	-80.357216	0.699500	1.000000
1.1218876860162678710253	0.5513921228772473703827	-79.669792	-79.892935	0.699500	1.000000
1.0731801595079559774604	0.4752944323356079192600	-80.279489	-80.502632	0.699500	1.000000
1.1637246720278995315567	0.5773987530260150657924	-81.230194	-81.453337	0.699500	1.000000
0.9390122376016982741476	0.5555181215349895840205	-81.001382	-81.224526	0.699500	1.000000
1.1341022801750346715721	0.4634989453356475608281	-82.471817	-82.694961	0.699500	1.000000
1.0402704754702352119011	0.5357212201624943492817	-78.786942	-79.010086	0.699500	1.000000
1.0491680910282601413286	0.5505569433206293217253	-78.863201	-79.086344	0.699500	1.000000
1.0859809317272763884432	0.5257729638514643255576	-78.985074	-79.208218	0.699500	1.000000
1.0480330869764054035898	0.5058223329519504485319	-79.048133	-79.271277	0.699500	1.000000
1.0883124606387726274193	0.5257767765153859018668	-79.014517	-79.237660	0.699500	1.000000
1.0411772138008572596846	0.6224022742592864032574	-80.946158	-81.169302	0.699500	1.000000
1.0314010009849721161146	0.4933321123304850730484	-79.480868	-79.704012	0.699500	1.000000
1.0786510428853910426028	0.5491887355792492986239	-78.962595	-79.185738	0.699500	1.000000
1.0384550951372304439246	0.4935819581684940393629	-79.422283	-79.645427	0.699500	1.000000
1.1224467192439233631518	0.5062177075313313290295	-79.998693	-80.221836	0.647333	1.000000
1.1413889604901559238215	0.5304048371080948287570	-80.175598	-80.398742	0.647333	1.000000
1.0934678008530445136870	0.6442984958903412717746	-82.142501	-82.365644	0.647333	1.000000
1.0341661957202294974678	0.5850938141474060216751	-79.623045	-79.846189	0.647333	1.000000
1.1203265936143091963118	0.5288724091457600584576	-79.595328	-79.818472	0.647333	1.000000
1.0717226349101942606268	0.5220457193730344558347	-78.873747	-79.096891	0.647333	1.000000
1.0472763885637172975862	0.4851589260003307813029	-79.709972	-79.933116	0.647333	1.000000
1.0684076928643619908144	0.4926576525928946792554	-79.469097	-79.692241	0.647333	1.000000
1.1884327118694919533937	0.5106641693964339978606	-82.507280	-82.730424	0.647333	1.000000
1.0364934390432671840188	0.5831309173585260685613	-79.555645	-79.778789	0.647333	1.000000
0.9279448055213782575734	0.5471673159941530251160	-81.405522	-81.628666	0.647333	1.000000
1.0912609985884755836594	0.5388540065287081848311	-79.033821	-79.256964	0.647333	1.000000
1.0412099486369352785431	0.5016746895625801005991	-79.167414	-79.390557	0.647333	1.000000
1.0237139252291342916834	0.5504768954049896745317	-78.994756	-79.217899	0.647333	1.000000
1.1051946367307683427583	0.5313360799141951806845	-79.257899	-79.481043	0.647333	1.000000
1.1359574172608286612984	0.5770722419624815247019	-80.409914	-80.633057	0.647333	1.000000
1.1557915121919357659408	0.5212811704724387151799	-80.784561	-81.007704	0.647333	1.000000
1.0732071008825239122331	0.6578601949675334514822	-82.674857	-82.898000	0.647333	1.000000
1.0360879357822128099542	0.5433067159604318963062	-78.839430	-79.062574	0.647333	1.000000
1.2348061580549247739924	0.5176077586713755396275	-85.070259	-85.293402	0.647333	1.000000
1.0235122357631551981427	0.6089611776595624803576	-80.495212	-80.718356	0.647333	1.000000
1.0072624467064354991663	0.5323309813783797528330	-79.116305	-79.339449	0.647333	1.000000
1.0017657107846353881087	0.5308097825372086742135	-79.213013	-79.436157	0.647333	1.000000
1.0419567387145860504205	0.4869452634643981481233	-79.652433	-79.875576	0.647333	1.000000
1.0722081610644196292270	0.5272924876008459049714	-78.843507	-79.066650	0.647333	1.000000
1.0661755299407387198585	0.5170840430101817375430	-78.890680	-79.113823	0.647333	1.000000
1.0492459012864563394629	0.4685876964109359499311	-80.576273	-80.799417	0.647333	1.000000
1.1059956021222956401573	0.5122432820021866062277	-79.473956	-79.697100	0.647333	1.000000
1.0908275716442283886920	0.5400383622207119982406	-79.032061	-79.255205	0.647333	1.000000
0.9847884825882917692041	0.5199195872202033719134	-79.663858	-79.887002	0.647333	1.000000
0.9879595563161056581691	0.5297859926481426340317	-79.498871	-79.722014	0.647333	1.000000
1.0601550386524132285615	0.5287043167358578266146	-78.777722	-79.000865	0.647333	1.000000
1.0676120721480539810244	0.5375918249305484675205	-78.807794	-79.030937	0.647333	1.000000
1.0291620629262281383376	0.5745702871383379095604	-79.375190	-79.598334	0.647333	1.000000
1.1072350145589016090497	0.5420001901035383928829	-79.302302	-79.525446	0.647333	1.000000
1.0170633751619162499225	0.6026078867883443157538	-80.317614	-80.540757	0.647333	1.000000
1.0575110840148931323768	0.4901896344683655537544	-79.509623	-79.732767	0.647333	1.000000
1.0901119263358978184186	0.4878216246701628788784	-79.896808	-80.119952	0.647333	1.000000
1.0721612440650385433827	0.5375829444405822998831	-78.835592	-79.058736	0.647333	1.000000
1.0176533731918762093471	0.5209095274996571323101	-79.033733	-79.256877	0.647333	1.000000
1.0737111347580752251929	0.4940869562415511340170	-79.461243	-79.684387	0.647333	1.000000
1.1811561416830600457217	0.6267185928855718568542	-83.234696	-83.457840	0.647333	1.000000
1.0556558960209214692583	0.6345973905504761480856	-81.476244	-81.699388	0.647333	1.000000
0.9984299075325440142592	0.5069358762445896893212	-79.583678	-79.806821	0.647333	1.000000
1.1227103537241200914565	0.5499993537911328500556	-79.676968	-79.900112	0.647333	1.000000
1.0568633844718788861172	0.5981656085745046258495	-79.993937	-80.217081	0.647333	1.000000
1.0687016231175043845525	0.5668615431492273204483	-79.164805	-79.387948	0.647333	1.000000
1.0625585705830498106650	0.5158008166025742635696	-78.890588	-79.113732	0.647333	1.000000
1.0268220981685520776239	0.5302188839954459220749	-78.877159	-79.100302	0.647333	1.000000
1.0811971153814463608711	0.5730684700551367249943	-79.386806	-79.609949	0.647333	1.000000
1.0768379950682975820797	0.5141377510770797076844	-79.008286	-79.231429	0.647333	1.000000
0.9927971306278240426479	0.5122793218408288051791	-79.594671	-79.817814	0.647333	1.000000
0.9820231947016907492198	0.5285347049109165862291	-79.648706	-79.871849	0.647333	1.000000
1.0145380435991100398496	0.5990792000136221373552	-80.220224	-80.443368	0.647333	1.000000
1.1461562737147008572691	0.5191271467285644147793	-80.468598	-80.691741	0.647333	1.000000
0.9940178527995738866352	0.5198097795451889213680	-79.450768	-79.673911	0.647333	1.000000
1.0323875832422930720611	0.5395940567766334128308	-78.841820	-79.064963	0.647333	1.000000
1.1217856778690649122154	0.4921859687270520034019	-80.430649	-80.653792	0.647333	1.000000
1.1620028401830735376166	0.6095191769224460598409	-82.027979	-82.251122	0.647333	1.000000
1.1267680339495269592476	0.5582404324352701063816	-79.858075	-80.081218	0.647333	1.000000
1.1598853631680534626014	0.4988261422400964706370	-81.550252	-81.773396	0.647333	1.000000
1.1094410990613747802769	0.5405976721331445800089	-79.339528	-79.562671	0.647333	1.000000
1.0735385361936207182509	0.5372102740992004132892	-78.844425	-79.067568	0.647333	1.000000
1.0398320949355652764723	0.4946092170395638420999	-79.380678	-79.603821	0.647333	1.000000
1.0366707407828066322963	0.5870601479777876052779	-79.668472	-79.891616	0.647333	1.000000
1.0156209907107167644824	0.4842652376322084672999	-80.028859	-80.252002	0.647333	1.000000
1.0928408463269068118251	0.5174109091168563878682	-79.158607	-79.381751	0.647333	1.000000
1.1102029478586987742972	0.5336668950092909868843	-79.350213	-79.573356	0.647333	1.000000
1.0113193833670162113947	0.5160916431020945438490	-79.180543	-79.403687	0.647333	1.000000
1.1239247356769193064707	0.5125832559020928602678	-79.895966	-80.119110	0.647333	1.000000
1.0041778863651886766206	0.5946161901540423233570	-80.197501	-80.420645	0.647333	1.000000
1.0487621736059744570468	0.5716668875307113761863	-79.228224	-79.451368	0.647333	1.000000
1.0040228679479610285341	0.5820994127489870217929	-79.833133	-80.056276	0.647333	1.000000
1.1050432791086040040796	0.4954183511447035059838	-79.891906	-80.115050	0.647333	1.000000
1.0087605809974209414293	0.5068311402917408114988	-79.390589	-79.613732	0.647333	1.000000
1.0511817632980602343906	0.5074160304034528445882	-79.011227	-79.234371	0.647333	1.000000
1.0287553184122848470849	0.5329864315623459303239	-78.856476	-79.079620	0.647333	1.000000
1.0823281353092086831680	0.5963086455336156221918	-80.055235	-80.278378	0.647333	1.000000
1.0467427579221462163872	0.5175166000374263886030	-78.854615	-79.077759	0.647333	1.000000
1.0034228016059552057726	0.5181144629303958693001	-79.285471	-79.508614	0.647333	1.000000
0.9958332958586900707232	0.5434968976750603752990	-79.334716	-79.557860	0.647333	1.000000
1.0610485407598682083830	0.5319351428979905982430	-78.773900	-78.997043	0.647333	1.000000
1.1169506545383063311760	0.5159026551724402720467	-79.656505	-79.879649	0.647333	1.000000
0.9838593289468798852582	0.5427535727033222512361	-79.584661	-79.807805	0.647333	1.000000
1.0320027038363610571992	0.6058955465118311956019	-80.323782	-80.546926	0.647333	1.000000
1.0542027074356370430763	0.5661729704504006033261	-79.109175	-79.332319	0.647333	1.000000
1.0940982958444638306617	0.5731666128977518370746	-79.528237	-79.751380	0.647333	1.000000
1.0148074157013153850926	0.5221261970785802120076	-79.059824	-79.282967	0.647333	1.000000
1.0209284740601780594460	0.6127077478488587303218	-80.660729	-80.883873	0.647333	1.000000
1.1053070446009354288464	0.5206169104790746571254	-79.336454	-79.559597	0.647333	1.000000
1.0119467947108833350001	0.5417430318862822558046	-79.061628	-79.284771	0.647333	1.000000
1.0321177654533957301908	0.4871996110254185330390	-79.704975	-79.928119	0.647333	1.000000
1.0390500137964200355611	0.5351831748457478443726	-78.791446	-79.014590	0.647333	1.000000
1.0390500137964200355611	0.5351831748457478443726	-78.791446	-79.014590	0.647333	1.000000
1.0763393042225097850917	0.5208426759881333856228	-78.921605	-79.144748	0.647333	1.000000
1.0252993079933039322071	0.5529595088416540127341	-79.009099	-79.232243	0.647333	1.000000
0.9813266847832065042923	0.5731921044971107770394	-80.026436	-80.249579	0.647333	1.000000
1.1894017880402509845794	0.5330668791409757245603	-82.071424	-82.294568	0.647333	1.000000
1.0543446787292558575189	0.5644339877420813111897	-79.075187	-79.298331	0.647333	1.000000
0.9761914877277857449656	0.5423306609395209809676	-79.771386	-79.994530	0.647333	1.000000
1.0230965417529744865277	0.5301976014393809943925	-78.913327	-79.136470	0.616250	1.000000
1.0947073335435364427326	0.5587376143498267166976	-79.263350	-79.486494	0.616250	1.000000
1.0148948316526615887057	0.5286324616487930727615	-79.015795	-79.238939	0.616250	1.000000
1.0407037490632737863905	0.5614160680318875940031	-79.040115	-79.263258	0.616250	1.000000
1.0859749965422580419983	0.5435370172719898862468	-78.989949	-79.213093	0.616250	1.000000
1.0805278419555428559562	0.5318823781025985297788	-78.901866	-79.125010	0.616250	1.000000
1.0802657989193846788112	0.5330890114580092431495	-78.898132	-79.121276	0.616250	1.000000
1.0991382927052937290568	0.5511537759741689246340	-79.231044	-79.454187	0.616250	1.000000
0.9559922471113972974877	0.4670819058634222420423	-82.792048	-83.015191	0.616250	1.000000
1.0645574681572682607111	0.4666276358994663198132	-80.734853	-80.957996	0.616250	1.000000
1.0047136300311061418711	0.5322891165546081992943	-79.157965	-79.381108	0.616250	1.000000
1.0829887945624121492472	0.6173519269449753155143	-80.842521	-81.065665	0.616250	1.000000
1.0902765248512706897088	0.5231319428668920190617	-79.060224	-79.283367	0.616250	1.000000
1.0848557533407165998085	0.5078077449993603220690	-79.209731	-79.432874	0.616250	1.000000
1.1164413756851880865639	0.6376584833147970199363	-82.125385	-82.348529	0.616250	1.000000
1.0315973496751480453781	0.5708999575819456717696	-79.274227	-79.497370	0.616250	1.000000
0.9864578933759942103165	0.5897128781032316968691	-80.335830	-80.558973	0.616250	1.000000
1.0286958238486310079907	0.5388287881515153587841	-78.866348	-79.089491	0.616250	1.000000
1.0342772127398698334133	0.5685680163892155025707	-79.207797	-79.430941	0.616250	1.000000
1.0213093606455005968314	0.5347421040458000263129	-78.927593	-79.150736	0.616250	1.000000
0.9576632588407220092463	0.5321009892021186793443	-80.338592	-80.561735	0.616250	1.000000
1.0573302674945115331440	0.5435780303206519947778	-78.801726	-79.024870	0.616250	1.000000
0.9336132645679207087142	0.5026901813969778531899	-81.900757	-82.123901	0.616250	1.000000
0.9624674244645265996922	0.5380152461588265655479	-80.159304	-80.382448	0.616250	1.000000
1.0428739580665982167318	0.5879440824565759227127	-79.672637	-79.895781	0.616250	1.000000
1.0428739580665982167318	0.5879440824565759227127	-79.672637	-79.895781	0.616250	1.000000
0.9584130083566826385777	0.5528214895723596589150	-80.328312	-80.551456	0.616250	1.000000
1.0097271696226850501432	0.5173278736943004441073	-79.188459	-79.411603	0.616250	1.000000
1.1033889900111559789764	0.5589965779583268012942	-79.397393	-79.620537	0.616250	1.000000
1.0723826279483761325650	0.4980610279757577973925	-79.324624	-79.547768	0.616250	1.000000
1.0945164522837016463086	0.4961389977745347401594	-79.664136	-79.887280	0.616250	1.000000
1.0526061407532498748196	0.5746295841281146010715	-79.296196	-79.519340	0.616250	1.000000
1.0527974364274597096625	0.5456282188191257098708	-78.813127	-79.036271	0.616250	1.000000
1.0591720610649302258821	0.5253307733518972622022	-78.790000	-79.013144	0.616250	1.000000
1.0252974639208738416585	0.5683774010504263340948	-79.266112	-79.489255	0.616250	1.000000
1.0144476554799244372163	0.5692647047172255669878	-79.393025	-79.616169	0.616250	1.000000
1.0875046558935568263848	0.5100603864876783744009	-79.199523	-79.422667	0.616250	1.000000
1.0092609521848820985923	0.5332656353730016451919	-79.083995	-79.307138	0.616250	1.000000
1.1416457153932433321586	0.5705305121052175465479	-80.429446	-80.652590	0.616250	1.000000
1.0863748420083292334226	0.5400312793863852878218	-78.976472	-79.199615	0.616250	1.000000
1.1956712613882092277606	0.5462822890940030040596	-82.266948	-82.490092	0.616250	1.000000
1.1628783310109114257358	0.4835481087350154139060	-82.394061	-82.617205	0.616250	1.000000
1.1174782713094151276323	0.5033991721915376249541	-79.940929	-80.164073	0.616250	1.000000
1.0152186118820583082822	0.5837009212729856733048	-79.736274	-79.959418	0.616250	1.000000
1.0086048989066047631979	0.5168288187310818848630	-79.213256	-79.436400	0.616250	1.000000
1.0197504978209592785277	0.5220865910345318106067	-78.996837	-79.219981	0.616250	1.000000
1.0171911866583609462822	0.5538577166150667752120	-79.102274	-79.325417	0.616250	1.000000
0.9939221425274342713863	0.4929305207665086729918	-80.104761	-80.327904	0.616250	1.000000
1.0481221690458126793999	0.5750124289984064329673	-79.308025	-79.531168	0.616250	1.000000
1.0529974560489965274002	0.5221578198320998565052	-78.803098	-79.026242	0.616250	1.000000
0.9602962594903041715355	0.5494974952020241776296	-80.248926	-80.472070	0.616250	1.000000
1.0797796047595562551891	0.4880379752782435520686	-79.745951	-79.969094	0.616250	1.000000
1.0784671193666162114511	0.5473606134808387535529	-78.943512	-79.166655	0.616250	1.000000
1.0694770715776349412351	0.5505615208871338372987	-78.910906	-79.134049	0.616250	1.000000
1.0314269155584843140616	0.5247316927427482236013	-78.863176	-79.086319	0.616250	1.000000
0.9893149845705239142646	0.5382015825995390967407	-79.451615	-79.674759	0.616250	1.000000
1.0500852201537687058419	0.4972591879483947430174	-79.267259	-79.490402	0.616250	1.000000
1.0846346386373815207094	0.4836549531937676671411	-79.995031	-80.218175	0.616250	1.000000
1.0520124178387046942618	0.5752688989821618248399	-79.311789	-79.534932	0.616250	1.000000
0.9928963265352329647939	0.6166906110440819599461	-81.153598	-81.376741	0.616250	1.000000
1.1312907419845512624335	0.5577952208249090659820	-79.964189	-80.187332	0.616250	1.000000
1.0687069130224844393240	0.5091850065377370171404	-79.028764	-79.251908	0.616250	1.000000
1.1003848201774435455746	0.5453581731807639609855	-79.200999	-79.424143	0.616250	1.000000
1.0307452331810051937566	0.5163940897781762462415	-78.949171	-79.172314	0.616250	1.000000
1.0704877410551345562340	0.5064380621222865919151	-79.096556	-79.319699	0.616250	1.000000
1.0632111429638355648564	0.5638973770536733765013	-79.083304	-79.306448	0.616250	1.000000
1.1846985139310628465381	0.5473544535760739293551	-81.757858	-81.981002	0.616250	1.000000
1.2208559924520931971870	0.5546364847429369193677	-83.535710	-83.758854	0.616250	1.000000
1.0360877610097476431150	0.5346250714793419067661	-78.805968	-79.029111	0.616250	1.000000
1.0280791081867024505669	0.5606352133430881901077	-79.098217	-79.321361	0.616250	1.000000
1.0077102761378071704712	0.4606946199481550818788	-81.578231	-81.801375	0.616250	1.000000
0.9877902129744663417554	0.5039443871107949224353	-79.904455	-80.127599	0.616250	1.000000
0.9898313219474476065685	0.5029896292600919416316	-79.879365	-80.102508	0.616250	1.000000
1.0070824630002472854784	0.5471761095126715934711	-79.166826	-79.389970	0.616250	1.000000
1.1136618396924844454077	0.5292477000123639863105	-79.438928	-79.662071	0.616250	1.000000
1.0654514163086696854066	0.4750913722848388309750	-80.232042	-80.455186	0.616250	1.000000
1.1302606522280247425272	0.4862967872748480413492	-80.944920	-81.168064	0.616250	1.000000
1.0910819900880484034644	0.5861171935310599545588	-79.825365	-80.048508	0.616250	1.000000
1.0675510308287368133051	0.5400937431837562474612	-78.816991	-79.040135	0.616250	1.000000
1.0584606277841397403705	0.5238574315505971634721	-78.797482	-79.020626	0.616250	1.000000
1.0995428854500586268728	0.5234777038128863857480	-79.201776	-79.424919	0.616250	1.000000
1.0690107084976978590873	0.5600337847007568203850	-79.040389	-79.263533	0.616250	1.000000
1.0174337265504314053999	0.5488328769148620445151	-79.043739	-79.266882	0.616250	1.000000
1.0396269217613400837052	0.5362416392285022093134	-78.790692	-79.013835	0.616250	1.000000
1.0484576421574234306178	0.4955786934069403293357	-79.321040	-79.544184	0.616250	1.000000
1.0932578175651048724148	0.5606753038263888599957	-79.274263	-79.497407	0.616250	1.000000
1.0598055473212308896791	0.5245063382105985549941	-78.796617	-79.019761	0.616250	1.000000
0.9326990357011676335830	0.4820038098652368874220	-82.919051	-83.142195	0.616250	1.000000
0.9931208350936833184619	0.5247869141404354342839	-79.418306	-79.641449	0.616250	1.000000
1.0353634517699690231751	0.5049216336399114934963	-79.120453	-79.343597	0.616250	1.000000
1.0959795875741078496901	0.5409472309517721066996	-79.108319	-79.331462	0.616250	1.000000
0.9934902999236165932473	0.5408494379644054328438	-79.369828	-79.592972	0.616250	1.000000
0.9639595618381391339824	0.5234860597247108504604	-80.213937	-80.437080	0.616250	1.000000
1.0194176806146137970188	0.5374590062721215089070	-78.952481	-79.175624	0.616250	1.000000
0.9530684326822310703520	0.5473554413132505347406	-80.468788	-80.691932	0.616250	1.000000
1.0490044909558393637639	0.5694699007862121797885	-79.179038	-79.402181	0.616250	1.000000
1.0486807735092713578240	0.5434559644568551783905	-78.798544	-79.021687	0.616250	1.000000
1.0973481086689602648221	0.5565613882570649151305	-79.269324	-79.492468	0.616250	1.000000
1.0190030960744604904278	0.6166576740822499180794	-80.834701	-81.057844	0.616250	1.000000
1.0460870485669802043560	0.5025455884056649891178	-79.128751	-79.351895	0.616250	1.000000
0.9074539493379841781362	0.6658495814269284052145	-85.411113	-85.634256	0.598000	1.000000
1.0905243083550961724626	0.6587272620043268522849	-82.838419	-83.061563	0.598000	1.000000
0.9979693498454709210677	0.5487107670062039144199	-79.330311	-79.553455	0.598000	1.000000
1.0471250120845567721517	0.5630414700006315387171	-79.052403	-79.275547	0.598000	1.000000
1.0859135054263531205976	0.5210817671448668697565	-79.021309	-79.244453	0.598000	1.000000
1.0413642609758204660153	0.5229651928289744677869	-78.818217	-79.041360	0.598000	1.000000
1.1245322175054257574089	0.5454623456928966440671	-79.690679	-79.913822	0.598000	1.000000
1.0026164671788799775953	0.6029630352627400879939	-80.498621	-80.721764	0.598000	1.000000
1.1214870942523240682220	0.5746778743504121766961	-80.023948	-80.247092	0.598000	1.000000
0.9907141731249705651763	0.5279297717414631607724	-79.447520	-79.670663	0.598000	1.000000
1.0122272719148504016573	0.5163931890539763536196	-79.162541	-79.385684	0.598000	1.000000
0.9938304010422771561650	0.5070231505506722635701	-79.682005	-79.905148	0.598000	1.000000
0.9641998962329718647624	0.4810532483010815929525	-81.563291	-81.786435	0.598000	1.000000
1.0465654847743754984890	0.5420565816212495890980	-78.792733	-79.015876	0.598000	1.000000
1.0066513165006629737519	0.5734492521967816669459	-79.583460	-79.806603	0.598000	1.000000
0.9318545075635450425366	0.4540947788537988416557	-85.141275	-85.364418	0.598000	1.000000
0.9163270878692501009155	0.6531071843098699147845	-84.542752	-84.765896	0.598000	1.000000
0.9424612457767440609757	0.5650912355877417692085	-80.973135	-81.196278	0.598000	1.000000
1.0962665121996872930055	0.5654831338725513356636	-79.398338	-79.621482	0.598000	1.000000
0.9807001918195827894209	0.6464162781837196058987	-82.653638	-82.876781	0.598000	1.000000
0.9836920103842617946199	0.5538991959345440641016	-79.668044	-79.891188	0.598000	1.000000
1.0353662831222789630914	0.5450928549798303990315	-78.856437	-79.079580	0.598000	1.000000
1.0444677680743312819800	0.6036195895737007655057	-80.192455	-80.415598	0.598000	1.000000
1.1016961525746931105374	0.5486088872317421705205	-79.247515	-79.470659	0.598000	1.000000
1.0186843641811815786014	0.4862485139386748533852	-79.896609	-80.119752	0.598000	1.000000
1.0032652501838730252359	0.5041888141191673833319	-79.552864	-79.776007	0.598000	1.000000
1.0142450060937857614363	0.5167106512550728725230	-79.128726	-79.351870	0.598000	1.000000
0.9938446988413391913753	0.5575855570905545732785	-79.503805	-79.726949	0.598000	1.000000
1.0409653677367085577998	0.6876116071311016986201	-84.281008	-84.504152	0.598000	1.000000
1.0595082577279628655020	0.5493065594331423273644	-78.856768	-79.079911	0.598000	1.000000
1.1007839411337023705073	0.5643834736123676254493	-79.443866	-79.667009	0.598000	1.000000
1.0236785542197361920103	0.5348459511578808056598	-78.903042	-79.126185	0.598000	1.000000
1.0846627619695110578135	0.6364100198239875938455	-81.689326	-81.912470	0.598000	1.000000
1.0135103941486625078738	0.4735907985876828818483	-80.610256	-80.833400	0.598000	1.000000
1.0515014245721190366822	0.5095019912754131796717	-78.970447	-79.193590	0.598000	1.000000
1.0873149703079172390119	0.5370283793437675701199	-78.978755	-79.201899	0.598000	1.000000
1.0494987193462061991767	0.4825069788909596701920	-79.823611	-80.046755	0.598000	1.000000
1.0153533103107035273638	0.4820620842474943601452	-80.134763	-80.357906	0.598000	1.000000
1.1359860345441428197688	0.5101025089066131279480	-80.307982	-80.531126	0.598000	1.000000
1.1896663120267068070035	0.6140767809387231990215	-83.090285	-83.313429	0.598000	1.000000
1.0505913302505318629443	0.5733283514414795334346	-79.265405	-79.488548	0.598000	1.000000
0.9689381149506470780608	0.5003359003495655432658	-80.563657	-80.786800	0.598000	1.000000
1.0287267662855257288612	0.5192376675592264012593	-78.932224	-79.155367	0.598000	1.000000
1.0556647242034193912019	0.4747134347971008194733	-80.216538	-80.439682	0.598000	1.000000
1.0380206928694890589071	0.5281654151332685342979	-78.804315	-79.027458	0.598000	1.000000
1.0795661130039180264362	0.4940603432097110947474	-79.520732	-79.743876	0.598000	1.000000
1.0422876511388141640424	0.4737963629746628768658	-80.286753	-80.509896	0.598000	1.000000
1.0510291981493524726687	0.5096562652619741617954	-78.967763	-79.190907	0.598000	1.000000
1.0736990570989624060871	0.5607770581291833256188	-79.081437	-79.304581	0.598000	1.000000
1.0910241483839500098441	0.5752542598611465329839	-79.539051	-79.762195	0.598000	1.000000
1.0182616302324452028927	0.5481360008298521435677	-79.027738	-79.250882	0.598000	1.000000
1.0550029606863871034506	0.5453049004494056051229	-78.811716	-79.034860	0.598000	1.000000
1.0488671484302982683801	0.5172840859885857733858	-78.853885	-79.077029	0.598000	1.000000
0.9921526813966585756077	0.5812665190836672213237	-80.001325	-80.224469	0.598000	1.000000
0.9907358906595407077589	0.5266929657432978251208	-79.455376	-79.678520	0.598000	1.000000
1.0418937300613395624538	0.4952171501599579306330	-79.351393	-79.574536	0.598000	1.000000
0.9776755861407508962913	0.5291549871320416764675	-79.757114	-79.980257	0.598000	1.000000
0.9542773879017807381331	0.4880160389014035482447	-81.600793	-81.823937	0.598000	1.000000
1.1569250967539779217930	0.4976941662912979236211	-81.466796	-81.689940	0.598000	1.000000
1.1337253079550768664063	0.5529339305728037112786	-79.977023	-80.200166	0.598000	1.000000
1.1182432162434561284670	0.5185179669685784364930	-79.648534	-79.871678	0.598000	1.000000
1.0805158248524606712238	0.5049551642353591329737	-79.221143	-79.444287	0.598000	1.000000
1.0103096050716908749223	0.5390610255605450262806	-79.074150	-79.297293	0.598000	1.000000
1.0628397388213124408196	0.4980615655255828944092	-79.265362	-79.488506	0.598000	1.000000
0.9909217009332315084791	0.5423424568600260231577	-79.427602	-79.650746	0.598000	1.000000
1.0539557479953689522745	0.5919205865048896564318	-79.784143	-80.007287	0.598000	1.000000
0.9920149101101060074015	0.5328345978054382925393	-79.397796	-79.620939	0.598000	1.000000
1.1197384204060600865205	0.5775785500616597012424	-80.053260	-80.276404	0.598000	1.000000
1.0377240371980158695209	0.4845746904707545210655	-79.774632	-79.997776	0.598000	1.000000
1.0184251909658199597430	0.4881028129168892837342	-79.823381	-80.046525	0.598000	1.000000
1.0200652698344709889966	0.5272676533633385842492	-78.957531	-79.180674	0.598000	1.000000
1.0979558327189307131988	0.4894900786458872832263	-79.966791	-80.189935	0.598000	1.000000
1.0939001723431118762164	0.5175692117289715232786	-79.172826	-79.395970	0.598000	1.000000
0.9895166370885049023087	0.5345203241483141853863	-79.448227	-79.671370	0.598000	1.000000
1.0055728802919228215274	0.5870844037500311252131	-79.949691	-80.172835	0.598000	1.000000
1.0143161185835110060793	0.5575900115415023394760	-79.186958	-79.410101	0.598000	1.000000
1.0657912712419743694880	0.4991644485884643156481	-79.247977	-79.471121	0.598000	1.000000
1.0677469329060038649715	0.5134554260717257845315	-78.949488	-79.172632	0.598000	1.000000
1.0185851380751280714776	0.5623508256609146549465	-79.214503	-79.437647	0.598000	1.000000
1.0114116987663581692658	0.5479624410577416115942	-79.111412	-79.334556	0.598000	1.000000
1.0122241349746772254292	0.5418299258387887507027	-79.058261	-79.281404	0.598000	1.000000
1.0780099376637433117310	0.5662818403059075578199	-79.214527	-79.437671	0.598000	1.000000
0.9741281309152510781146	0.5484285231246297520613	-79.852385	-80.075528	0.598000	1.000000
0.9982323395717315195341	0.6882377503275541874572	-84.611559	-84.834703	0.598000	1.000000
0.9698621855636171407156	0.5187747909919743216633	-80.094698	-80.317842	0.598000	1.000000
1.1562644159729944526305	0.5293388336050947051703	-80.696655	-80.919798	0.598000	1.000000
1.0772651864858269199487	0.5215604917985253718982	-78.923338	-79.146482	0.598000	1.000000
1.0931448396080232221550	0.5583567436691059260312	-79.236758	-79.459901	0.598000	1.000000
1.0376822326950012609359	0.4991964055044430526031	-79.252415	-79.475558	0.598000	1.000000
0.9960520560276412416201	0.5347131717498831982027	-79.312106	-79.535250	0.598000	1.000000
0.9472523033375612744322	0.5114971083141905960900	-81.040333	-81.263476	0.598000	1.000000
1.1037603857679660901425	0.5217806579484021156645	-79.294128	-79.517272	0.598000	1.000000
1.0213517928507171994568	0.5362967066548961492245	-78.928824	-79.151967	0.598000	1.000000
1.1137409025770168558012	0.5946647223669374593413	-80.408158	-80.631302	0.598000	1.000000
1.0276012665167542081690	0.5446265168884864005250	-78.907112	-79.130256	0.598000	1.000000
0.9945534789793745167330	0.5402483428046737090611	-79.346887	-79.570030	0.598000	1.000000
1.0604488967758451956058	0.5183251696335301472729	-78.852403	-79.075546	0.598000	1.000000
1.0494226913094129027826	0.4984189569782701556555	-79.233775	-79.456918	0.598000	1.000000
1.1583341695310440666589	0.5419763357921183466459	-80.703887	-80.927031	0.598000	1.000000
1.1342785887261528365855	0.5101772340653480952710	-80.251844	-80.474988	0.598000	1.000000
1.0119889293219843651173	0.5110532484146591558627	-79.252296	-79.475440	0.583500	1.000000
1.0809690304065679988810	0.5855065061410403837172	-79.708143	-79.931286	0.583500	1.000000
0.9691717594156910031700	0.6226012315583351330872	-81.828395	-82.051538	0.583500	1.000000
1.0732457916631474859059	0.5152246142530826356065	-78.961550	-79.184693	0.583500	1.000000
1.0520650078452700171283	0.5449567162564014077830	-78.807613	-79.030756	0.583500	1.000000
1.0966681265239246467758	0.4968205869376522976211	-79.679978	-79.903121	0.583500	1.000000
1.0918449263051226427734	0.5750996851070065973843	-79.545117	-79.768260	0.583500	1.000000
1.0131740893981366902210	0.5429773284515954090423	-79.051601	-79.274744	0.583500	1.000000
1.1030106250319755556433	0.5016160636281800089264	-79.657700	-79.880843	0.583500	1.000000
1.0697954132362426094005	0.4877358092160545832705	-79.663392	-79.886536	0.583500	1.000000
1.0031996849292743601012	0.5143113790205440238879	-79.345083	-79.568227	0.583500	1.000000
1.0228631092917359612926	0.4906500411403871275695	-79.665617	-79.888761	0.583500	1.000000
1.0400435506253158379764	0.5194913572953283598110	-78.854765	-79.077909	0.583500	1.000000
1.0959790697012394833365	0.4634664210096312575438	-81.359178	-81.582321	0.583500	1.000000
0.9795142664785988495524	0.5390211430489121324783	-79.681348	-79.904492	0.583500	1.000000
1.0116841524263238127901	0.5181494991801954830279	-79.147602	-79.370746	0.583500	1.000000
1.0100924413556791048308	0.5294720486517394686388	-79.080626	-79.303769	0.583500	1.000000
1.0112195043413032546908	0.5179382841496112943602	-79.157310	-79.380454	0.583500	1.000000
1.0147575298720370451377	0.5700540269049059194373	-79.406060	-79.629204	0.583500	1.000000
1.0339977095213057634027	0.5121142864480798806426	-78.988043	-79.211187	0.583500	1.000000
0.9998605564853096927536	0.5472012535408093958367	-79.284582	-79.507725	0.583500	1.000000
1.0837068300941608001153	0.6068770662109669311590	-80.439620	-80.662764	0.583500	1.000000
1.0710261808202372613152	0.6162367550561750340066	-80.719101	-80.942245	0.583500	1.000000
1.0706291012851947286322	0.6350627049599759654797	-81.538445	-81.761589	0.583500	1.000000
1.1093393511846874055493	0.6365621849586632352569	-81.969169	-82.192313	0.583500	1.000000
0.9693450554407027075499	0.5856416625877529646971	-80.592506	-80.815649	0.583500	1.000000
1.0098125009045080258119	0.5838101935464810043896	-79.802270	-80.025414	0.583500	1.000000
0.9539614282826979207996	0.4915717563501453835073	-81.450637	-81.673780	0.583500	1.000000
1.0510316747587660213270	0.5710927942074337515521	-79.213595	-79.436739	0.583500	1.000000
1.0379869242922756811254	0.5540538436801086819017	-78.937959	-79.161102	0.583500	1.000000
1.0406077655642833601490	0.5272335448908163080262	-78.796050	-79.019194	0.583500	1.000000
0.9880491665032181680672	0.5827094952228112356707	-80.113676	-80.336820	0.583500	1.000000
1.0298612934721573797248	0.5994810098959154620601	-80.105997	-80.329141	0.583500	1.000000
0.8469347651821411693263	0.6707886478609188518618	-87.999250	-88.222393	0.583500	1.000000
0.8615396790902052348571	0.5769587588491733587404	-84.814672	-85.037815	0.583500	1.000000
0.9023131939612301088971	0.6011157828067784647530	-83.203226	-83.426370	0.583500	1.000000
1.0584596044145826443383	0.5528101284528825765108	-78.895162	-79.118306	0.583500	1.000000
1.0581739061401989054900	0.5194207618217325794774	-78.834652	-79.057796	0.583500	1.000000
0.9783407657172722426964	0.5055130779221027603754	-80.119195	-80.342339	0.583500	1.000000
1.0995923232140678571511	0.4860692095363315923251	-80.141497	-80.364640	0.583500	1.000000
1.0032172214041052971112	0.4845235371686820169401	-80.243388	-80.466532	0.583500	1.000000
1.0671143191081307044499	0.5663311472796077605807	-79.146363	-79.369507	0.583500	1.000000
0.9645029411388686968465	0.5657151160718658644555	-80.301267	-80.524411	0.583500	1.000000
1.0442091102191719542702	0.5491030648345236464536	-78.856412	-79.079556	0.583500	1.000000
1.0694173600316370098540	0.5355416968661973475818	-78.813404	-79.036547	0.583500	1.000000
1.0600771975059797291863	0.5007163615512786325468	-79.180807	-79.403951	0.583500	1.000000
1.1164001714903242223897	0.5145704342084269633517	-79.665390	-79.888534	0.583500	1.000000
1.0093639221813355266733	0.5271287533049232587601	-79.102624	-79.325768	0.583500	1.000000
1.0440602034882486837120	0.5870355047794841851783	-79.642340	-79.865484	0.583500	1.000000
1.0056324082785017548503	0.5359642589975156523607	-79.140197	-79.363340	0.583500	1.000000
1.0827972103987355545485	0.5219824275691998805016	-78.976099	-79.199243	0.583500	1.000000
1.0470515387258447770336	0.5032490765788398823233	-79.109295	-79.332439	0.583500	1.000000
1.1253860761502925136313	0.5353491110610129055658	-79.695648	-79.918792	0.583500	1.000000
1.0807500083564485215959	0.5192699102107389830252	-78.980653	-79.203797	0.583500	1.000000
1.0568070004136285167107	0.5169302336886564264162	-78.860039	-79.083183	0.583500	1.000000
1.0306052986842633156783	0.5686796703606681324672	-79.232603	-79.455747	0.583500	1.000000
1.1053643869845590774759	0.4845671519649838998589	-80.331914	-80.555058	0.583500	1.000000
1.1649773483230820847467	0.5598347838677099064242	-81.020751	-81.243894	0.583500	1.000000
1.1643839799014206182193	0.5321842720598646270247	-80.981327	-81.204471	0.583500	1.000000
1.1026194034679082101036	0.5211747178047069217754	-79.279071	-79.502214	0.583500	1.000000
1.0389628901051255471799	0.5149542942828075897665	-78.915020	-79.138164	0.583500	1.000000
0.9992422309229117560747	0.5973714040179107787054	-80.356811	-80.579954	0.583500	1.000000
1.0688822957657835299727	0.6177555920030171066060	-80.771321	-80.994464	0.583500	1.000000
0.9823398316040743427635	0.6055137942440713683112	-80.919701	-81.142845	0.583500	1.000000
1.1453099540688937985067	0.5921073597423839318665	-81.025813	-81.248957	0.583500	1.000000
1.0453202338247826741480	0.5860812455982513657915	-79.611293	-79.834436	0.583500	1.000000
1.0261931926467791065249	0.5105539477006857396191	-79.081134	-79.304278	0.583500	1.000000
0.9839664906147462808406	0.4965493430178292144639	-80.232327	-80.455470	0.583500	1.000000
0.9898087077840033165543	0.6339449270298650462863	-81.929021	-82.152164	0.583500	1.000000
1.1109443294156315928944	0.5152371004451462566109	-79.527768	-79.750912	0.583500	1.000000
1.0822079004747708896872	0.5684345032239402906171	-79.294467	-79.517610	0.583500	1.000000
1.0989796002971707888918	0.5274127659360599018612	-79.164272	-79.387416	0.583500	1.000000
1.0632801295006630848405	0.5233522029563902888682	-78.816253	-79.039396	0.583500	1.000000
1.1425165684271127997107	0.5435044479257972183106	-80.177158	-80.400302	0.583500	1.000000
1.0771119880668642565524	0.5444234303250441442401	-78.908081	-79.131224	0.583500	1.000000
1.0437445879837417006542	0.5033668724623895363024	-79.115334	-79.338478	0.583500	1.000000
1.0576913439397601646164	0.5521516747563931515330	-78.885470	-79.108614	0.583500	1.000000
1.0102970232427364027927	0.5800978641023284421152	-79.696919	-79.920063	0.583500	1.000000
1.0962789861740485086727	0.5129454737723072588196	-79.280603	-79.503746	0.583500	1.000000
1.1195715255276907917903	0.5107303665727812580499	-79.817971	-80.041115	0.583500	1.000000
1.0686805263347085581671	0.5270800595263651633360	-78.821315	-79.044459	0.583500	1.000000
1.0111502443345909973971	0.6053218674866065462936	-80.476888	-80.700032	0.583500	1.000000
0.9549337241174724599801	0.4905818977299303274009	-81.455153	-81.678297	0.583500	1.000000
0.9583334610574008038952	0.5567504474322794161267	-80.364830	-80.587974	0.583500	1.000000
1.1307457758964223337728	0.5277023966473725069548	-79.877390	-80.100534	0.583500	1.000000
1.0990689661191119785855	0.4746551333781818815538	-80.704395	-80.927539	0.583500	1.000000
1.1415286414885910115657	0.5967047132983954726981	-81.061355	-81.284498	0.583500	1.000000
1.0959786500881434356813	0.4669951665391069428601	-81.115114	-81.338258	0.583500	1.000000
1.0930632327762563882345	0.4537970676648450107926	-82.058899	-82.282043	0.583500	1.000000
1.1153246580979732094363	0.6197032042512968796899	-81.334663	-81.557806	0.583500	1.000000
1.1430432571820816622932	0.6176753237604198920607	-81.812863	-82.036006	0.583500	1.000000
1.0141180075996663045856	0.5414268391761395404771	-79.031110	-79.254254	0.583500	1.000000
0.9700236768584004076743	0.5385155021978773604019	-79.934517	-80.157660	0.583500	1.000000
1.0291192399334274654166	0.5529526345614054205768	-78.977780	-79.200923	0.583500	1.000000
1.0839779955520290055659	0.5402326567680216795608	-78.950218	-79.173362	0.583500	1.000000
1.0345125550248943646636	0.5225651904029177119426	-78.857104	-79.080248	0.583500	1.000000
1.0926364277569891036990	0.5312633637954019549809	-79.050313	-79.273456	0.583500	1.000000
1.0245250029783588008314	0.5077841707701344908799	-79.152193	-79.375336	0.583500	1.000000
1.0103841187244357868735	0.5975811071370031868355	-80.215812	-80.438956	0.583500	1.000000
0.9796094598779402362609	0.5573737827496079155765	-79.801022	-80.024166	0.583500	1.000000
1.1826676546592600480778	0.5768091174186508185429	-81.907852	-82.130995	0.576429	1.000000
1.0447864956099612854246	0.5475149948186331938516	-78.839109	-79.062253	0.576429	1.000000
1.0423213287689063744068	0.5276133353624185007291	-78.787852	-79.010996	0.576429	1.000000
1.0334500076234294230204	0.5368622595349228365791	-78.825713	-79.048856	0.576429	1.000000
1.0022989632578236385285	0.5345931796537850555495	-79.196295	-79.419439	0.576429	1.000000
0.9863376305598249293993	0.5500216929909008678479	-79.572847	-79.795991	0.576429	1.000000
1.0001235572017386221688	0.5570432877079148914490	-79.384840	-79.607983	0.576429	1.000000
1.0708483717848109595394	0.6401735891992913485282	-81.780071	-82.003215	0.576429	1.000000
1.1005787596953604534633	0.5099417640937294882164	-79.412103	-79.635246	0.576429	1.000000
0.9686212626943223602538	0.6825891080307704417152	-84.728179	-84.951323	0.576429	1.000000
0.8786494215553600772850	0.6873843885225954242202	-87.442131	-87.665274	0.576429	1.000000
0.9532998464674131700036	0.6380474117830587932332	-82.838017	-83.061160	0.576429	1.000000
0.9638394158087231211596	0.6194685349956804421012	-81.823726	-82.046869	0.576429	1.000000
1.0221178097170144916106	0.5548458507070277434536	-79.062889	-79.286033	0.576429	1.000000
1.0584201875959651228953	0.5387329969529339734891	-78.777394	-79.000538	0.576429	1.000000
1.0359820648080284577475	0.5430712024944748250732	-78.838448	-79.061591	0.576429	1.000000
0.9731010179075296750995	0.5903021435094428781554	-80.630575	-80.853718	0.576429	1.000000
0.9501179149627697606562	0.5350918897111751615370	-80.581198	-80.804341	0.576429	1.000000
1.0829734948350127066163	0.5632269626442117926857	-79.200914	-79.424057	0.576429	1.000000
1.0419315930837589334601	0.5741038494000600955758	-79.299509	-79.522653	0.576429	1.000000
1.0730409580616515619056	0.5678923071628577678993	-79.211068	-79.434212	0.576429	1.000000
1.0397996192720837527190	0.5100011937410608986454	-78.990795	-79.213939	0.576429	1.000000
1.0232811327190329819814	0.5400851643756350295433	-78.920066	-79.143209	0.576429	1.000000
1.0411650573986646062252	0.5983390414921456734731	-80.013923	-80.237066	0.576429	1.000000
0.9917458925139822634165	0.5680073448458587970222	-79.712785	-79.935929	0.576429	1.000000
1.1324476852350577882333	0.5752539357654463669789	-80.284174	-80.507318	0.576429	1.000000
1.1405141115098162973851	0.6047858250231463728142	-81.292928	-81.516072	0.576429	1.000000
0.9736778216127839336025	0.6554559383925580018371	-83.216832	-83.439976	0.576429	1.000000
0.9602006785434801239276	0.6076950593888709173385	-81.482066	-81.705209	0.576429	1.000000
1.0284489986678955197874	0.5660692888193503691241	-79.194578	-79.417722	0.576429	1.000000
1.0255883417388134137838	0.5717935362514083852403	-79.337685	-79.560829	0.576429	1.000000
1.0862805484717852344545	0.5669639395456027575193	-79.305134	-79.528278	0.576429	1.000000
1.1048266270945370504108	0.5656333513480710228905	-79.530466	-79.753610	0.576429	1.000000
1.0383498177878347501490	0.6155567273025397412312	-80.670135	-80.893279	0.576429	1.000000
1.0016179034187771001996	0.5167177109759062414440	-79.338038	-79.561182	0.576429	1.000000
1.1002498824594686421818	0.5238617469987997266045	-79.210806	-79.433950	0.576429	1.000000
1.0269246618875416121597	0.5041812662102640452133	-79.207606	-79.430749	0.576429	1.000000
1.1272434760290304112118	0.5318487531827181813426	-79.755347	-79.978491	0.576429	1.000000
1.1074720285465773361722	0.5727925361674550686075	-79.717809	-79.940953	0.576429	1.000000
1.0581158683264357822651	0.5304332571733247903012	-78.768302	-78.991445	0.576429	1.000000
1.0747526867506871361968	0.4962395707541024658660	-79.400634	-79.623777	0.576429	1.000000
0.9979856614789216484596	0.5272997429131652813439	-79.300305	-79.523448	0.576429	1.000000
1.0986809930166596682710	0.4969200047614149573505	-79.713857	-79.937000	0.576429	1.000000
1.0434074675778310936636	0.5420691912217348029657	-78.800573	-79.023716	0.576429	1.000000
1.1194289053849102444360	0.4667857183336742155078	-81.726375	-81.949518	0.576429	1.000000
1.0600039732993755681179	0.5028113805833628324748	-79.126755	-79.349899	0.576429	1.000000
1.0252911269993187914906	0.4921691910059229901897	-79.581681	-79.804825	0.576429	1.000000
1.0595536364674966733901	0.5471354515620059366654	-78.835358	-79.058501	0.576429	1.000000
1.0884081170089252577071	0.5176839726305176858645	-79.091533	-79.314676	0.576429	1.000000
1.0485470101009579657614	0.5358646852551135486564	-78.764715	-78.987858	0.576429	1.000000
1.1108036324876171541121	0.5278526641738104929757	-79.385453	-79.608597	0.576429	1.000000
1.1083389797809872767687	0.5586044420124628429036	-79.476780	-79.699924	0.576429	1.000000
1.1130378269206584462836	0.4564744370634915560103	-82.322818	-82.545961	0.576429	1.000000
1.1007612059727613917914	0.5721794056105523607059	-79.598168	-79.821311	0.576429	1.000000
1.1101215943062032742716	0.5437273580202481859658	-79.365548	-79.588692	0.576429	1.000000
0.9774743030019495959593	0.5728398423610387979465	-80.104581	-80.327725	0.576429	1.000000
1.1211055076752645121019	0.5634917902017917423763	-79.804103	-80.027247	0.576429	1.000000
1.0412201928042246201755	0.5488928967124245827947	-78.863651	-79.086794	0.576429	1.000000
0.9754189224577208827682	0.5665603961343779193527	-80.034911	-80.258055	0.576429	1.000000
0.9960098083529680401682	0.5212268421284638186819	-79.392144	-79.615288	0.576429	1.000000
0.9940738239902793260683	0.5141027056185487609241	-79.533463	-79.756606	0.576429	1.000000
1.1243046748227150111177	0.5755673360883960532064	-80.103616	-80.326759	0.576429	1.000000
1.0606596806361208162883	0.5265404674911695614981	-78.787815	-79.010959	0.576429	1.000000
1.0221051793966910992140	0.5418864696559742011317	-78.940611	-79.163755	0.576429	1.000000
1.1099049673948679917146	0.5493740653435135179450	-79.400109	-79.623253	0.576429	1.000000
0.9572977546385472713553	0.5163572328218063445249	-80.552584	-80.775728	0.576429	1.000000
0.9937784936559012072266	0.4478191208635055042819	-83.033150	-83.256294	0.576429	1.000000
0.9908523943591475147130	0.5679869659737246667675	-79.729268	-79.952412	0.576429	1.000000
1.1004317260637102027232	0.6063129814300897146850	-80.600034	-80.823178	0.576429	1.000000
1.0233967663941843095898	0.5319348719451415519188	-78.906801	-79.129945	0.576429	1.000000
1.0476343850107432409402	0.5106748084322496605836	-78.953183	-79.176327	0.576429	1.000000
1.0550845158376835897229	0.5185124590430401081420	-78.839237	-79.062380	0.576429	1.000000
1.0750429451373459954766	0.5314507483678723165355	-78.852858	-79.076002	0.576429	1.000000
1.0735865794454602095698	0.6469064545938407739811	-82.120626	-82.343770	0.576429	1.000000
1.1084397068741542735637	0.5190842124893690900933	-79.418264	-79.641407	0.576429	1.000000
1.0625731761952810217053	0.5628714774520238162125	-79.062151	-79.285295	0.576429	1.000000
0.9754927131430550790725	0.5632658305222688621683	-79.980007	-80.203151	0.576429	1.000000
1.0660027962328799677749	0.5555972125149024609669	-78.957212	-79.180355	0.576429	1.000000
1.1321130011903810519414	0.5041344856023302067882	-80.338973	-80.562117	0.576429	1.000000
0.9952317639442813668182	0.4782032463759603446718	-80.739338	-80.962481	0.576429	1.000000
1.0643230736616822174057	0.4844761900651519126448	-79.765480	-79.988623	0.576429	1.000000
1.0541945758535671284761	0.5452551895082785593516	-78.810663	-79.033807	0.576429	1.000000
1.0545141445735397578432	0.5199208710347474893254	-78.824018	-79.047161	0.576429	1.000000
1.1082819556384675419025	0.5012903453155519439832	-79.778906	-80.002050	0.576429	1.000000
1.0560061415766159864660	0.5185967232226547096730	-78.839457	-79.062600	0.576429	1.000000
1.0096141373164391197292	0.5215291033497744255243	-79.141766	-79.364909	0.576429	1.000000
0.9823772139951775228539	0.5020010937606500522890	-80.102597	-80.325741	0.576429	1.000000
1.0577176763536473291794	0.5074786305683453013771	-79.015634	-79.238777	0.576429	1.000000
1.0396779579924382286293	0.5115067563185301535711	-78.964884	-79.188027	0.576429	1.000000
1.0798607910175221924476	0.5599889001176411307270	-79.116543	-79.339687	0.576429	1.000000
1.0691310245347782625913	0.5159199064200562512283	-78.922680	-79.145824	0.576429	1.000000
1.1414956488751268892656	0.5022465761708512221873	-80.708962	-80.932106	0.576429	1.000000
1.1166382654150472930610	0.5362332496697660433327	-79.484934	-79.708077	0.576429	1.000000
1.0776133463623018826638	0.5523462182357827821022	-78.988708	-79.211852	0.576429	1.000000
1.0448976794813888968605	0.5460753773916776632191	-78.825828	-79.048972	0.576429	1.000000
1.0132582962771405910019	0.5694171670309944310873	-79.410281	-79.633425	0.576429	1.000000
1.0574134175284211067947	0.5619209945484937573923	-79.032322	-79.255465	0.576429	1.000000
1.0332509830644500681274	0.5564646894066670457235	-78.997061	-79.220204	0.576429	1.000000
1.0071552273105930375152	0.5287162657505293239524	-79.129481	-79.352624	0.576429	1.000000
1.1474483054241371160487	0.5269268458619096318074	-80.406558	-80.629702	0.576429	1.000000
1.0884312678882257507951	0.5034211312606380328560	-79.358722	-79.581866	0.568375	1.000000
1.1447511150735949492230	0.5722887128403724155135	-80.548090	-80.771233	0.568375	1.000000
1.1075455437987022921931	0.5494144420765811887009	-79.356284	-79.579428	0.568375	1.000000
1.1023591360770832459082	0.5218463902449504976389	-79.267291	-79.490435	0.568375	1.000000
0.9613269734613753003671	0.6435593364074091438098	-82.898504	-83.121648	0.568375	1.000000
0.9366074392124298375606	0.5461139075972130108028	-81.057670	-81.280814	0.568375	1.000000
1.0785699980234335626506	0.5412737571409359516039	-78.901341	-79.124484	0.568375	1.000000
1.0486025610986977607553	0.5441391764870380232111	-78.803542	-79.026686	0.568375	1.000000
1.0855588097472435027413	0.5459548298181003955776	-79.002384	-79.225528	0.568375	1.000000
1.1027190286705232935560	0.4678223318009654407845	-81.205530	-81.428674	0.568375	1.000000
1.0319279305492665699262	0.5510457771061767484611	-78.935035	-79.158179	0.568375	1.000000
1.1647080831588765281737	0.5610960004670211276334	-81.023472	-81.246615	0.568375	1.000000
1.1296262633333102876065	0.5524230840769877026730	-79.865852	-80.088995	0.568375	1.000000
0.9861394170088543242869	0.5226029182878877410445	-79.598645	-79.821789	0.568375	1.000000
1.0400754665250682151623	0.5191067693993693943355	-78.858641	-79.081784	0.568375	1.000000
1.0313377935107628236011	0.5390920711243412100089	-78.847142	-79.070285	0.568375	1.000000
1.0392154920315836985623	0.5494791602307973477082	-78.877746	-79.100889	0.568375	1.000000
1.0362185323721286867027	0.5029257655580440244947	-79.162482	-79.385625	0.568375	1.000000
1.0998989312834879239489	0.5150873570405372081638	-79.308676	-79.531819	0.568375	1.000000
1.0532405444828984997230	0.5520617753322035747843	-78.879614	-79.102757	0.568375	1.000000
1.0203956174543356016926	0.5852626719340989769336	-79.728150	-79.951293	0.568375	1.000000
1.1117875318883014834626	0.5377148535170445109443	-79.380943	-79.604087	0.568375	1.000000
1.0537850230460976685976	0.5511344983143842135576	-78.868742	-79.091885	0.568375	1.000000
1.0285000315382917257523	0.5393718931631945601168	-78.869988	-79.093131	0.568375	1.000000
1.0999914968485855482072	0.6260996497924899983900	-81.382042	-81.605185	0.568375	1.000000
1.0938057893217334459735	0.6199443841752054762395	-81.051252	-81.274396	0.568375	1.000000
1.0761638311218284513870	0.5452947467169562134615	-78.906805	-79.129948	0.568375	1.000000
1.0906698184887402280907	0.4934998625655854231908	-79.689895	-79.913039	0.568375	1.000000
1.0435955762032174121146	0.5295123705004206593472	-78.777372	-79.000516	0.568375	1.000000
1.0011940569092738773094	0.5668854074830650402461	-79.527918	-79.751061	0.568375	1.000000
1.0496977732217060985676	0.5710537371984366616928	-79.213470	-79.436614	0.568375	1.000000
1.0793163130682528194626	0.5386090980530356953082	-78.896910	-79.120054	0.568375	1.000000
0.9462567310004855736238	0.5164101127420748227337	-80.967377	-81.190521	0.568375	1.000000
0.9364853677558490074873	0.5357474627054824578565	-81.095092	-81.318236	0.568375	1.000000
1.0580070127268073054694	0.5607555117838739500158	-79.012990	-79.236134	0.568375	1.000000
0.9969721568273089973289	0.6005563620619505105225	-80.497269	-80.720413	0.568375	1.000000
1.0729944192345011177991	0.5609260230676493819146	-79.079231	-79.302375	0.568375	1.000000
1.2168588167015186307651	0.5623579494499527653417	-83.321948	-83.545091	0.568375	1.000000
1.0518954943553082692631	0.6025652656255573447197	-80.146002	-80.369145	0.568375	1.000000
1.0195622607960446170949	0.4980941156836922734108	-79.456451	-79.679594	0.568375	1.000000
0.9756034600872715012443	0.5177427570194539363513	-79.941042	-80.164186	0.568375	1.000000
0.9475922512277810128012	0.5511728168932835680849	-80.670169	-80.893313	0.568375	1.000000
1.0553277489940808830937	0.5932575162748769947996	-79.828135	-80.051279	0.568375	1.000000
1.0187887048314088200840	0.5736246413370857943903	-79.441764	-79.664908	0.568375	1.000000
1.1367126827423765789149	0.5173506628925653716422	-80.184948	-80.408092	0.568375	1.000000
0.9754970680334320576321	0.5315629878731178425966	-79.801802	-80.024945	0.568375	1.000000
0.9788867889956459622525	0.5593422220866672844863	-79.843129	-80.066273	0.568375	1.000000
0.9771105165524026636703	0.5285840086474842269837	-79.776109	-79.999253	0.568375	1.000000
1.0370149354878612779629	0.5047704279587742481894	-79.113544	-79.336688	0.568375	1.000000
0.9904838448270149031671	0.4917860947139511829107	-80.233352	-80.456496	0.568375	1.000000
1.1207627070160048887715	0.5836409782586573502527	-80.223558	-80.446702	0.568375	1.000000
0.9966239442378598267780	0.5875084871197369107421	-80.094471	-80.317614	0.568375	1.000000
1.0557475969073883970140	0.5219887254674410170807	-78.806659	-79.029803	0.568375	1.000000
0.9738266898431924278867	0.5409031098188815667172	-79.830722	-80.053865	0.568375	1.000000
1.1328530035940622688884	0.6193656189753599106140	-81.649512	-81.872656	0.568375	1.000000
1.0010529750839756157887	0.5734244015994888199472	-79.665232	-79.888375	0.568375	1.000000
0.8940490175420084950630	0.5288839639824782778987	-83.237338	-83.460482	0.568375	1.000000
1.0510187163700643875330	0.5185821525617064775560	-78.837201	-79.060344	0.568375	1.000000
1.0560555318220341547431	0.5255765714899370832924	-78.782530	-79.005674	0.568375	1.000000
0.9440606992132907215876	0.4797412000992625213946	-82.493868	-82.717011	0.568375	1.000000
1.0085133658383367283307	0.4847262940546376297490	-80.129714	-80.352858	0.568375	1.000000
0.9838324258544741685029	0.5973814170535312051413	-80.619131	-80.842275	0.568375	1.000000
1.0470656971292262582551	0.4886762808093130239229	-79.566908	-79.790051	0.568375	1.000000
1.0268328212084543160643	0.5843801771170518133403	-79.649167	-79.872310	0.568375	1.000000
1.1323295473779630970768	0.4939100901843741509012	-80.688121	-80.911265	0.568375	1.000000
1.0326082805976048994978	0.5278277612682146235912	-78.838418	-79.061562	0.568375	1.000000
1.1255866817841571059233	0.5324416702346828067505	-79.709379	-79.932523	0.568375	1.000000
1.0724584694290588693377	0.5400972946984630151945	-78.846944	-79.070088	0.568375	1.000000
1.0850976947200769995305	0.4996319886923478170715	-79.414552	-79.637696	0.568375	1.000000
1.0290916951427533376773	0.5674688630575518422106	-79.217961	-79.441105	0.568375	1.000000
1.0881168443853785898767	0.5660233439902113694586	-79.306772	-79.529915	0.568375	1.000000
1.0237929592793575395149	0.5953156453923815760731	-80.008361	-80.231505	0.568375	1.000000
1.0437074337832841219864	0.5484889195644544468422	-78.851489	-79.074632	0.568375	1.000000
1.0550675102924698123275	0.5140300702393448828431	-78.896680	-79.119824	0.568375	1.000000
1.0337671100059677709027	0.5130580227972094675692	-78.974411	-79.197554	0.568375	1.000000
1.0438648922794342421838	0.4898338588710554053485	-79.531609	-79.754752	0.568375	1.000000
1.1383220851283553098909	0.4820227815605703791668	-81.440033	-81.663177	0.568375	1.000000
1.1336942357616630605577	0.5284500879254405703023	-79.956046	-80.179190	0.568375	1.000000
1.1341714904931110563524	0.5417782417972303310449	-79.929958	-80.153101	0.568375	1.000000
1.1274762444828707597111	0.5276570405934232210754	-79.787452	-80.010596	0.568375	1.000000
1.1116904562283704827053	0.5196414956172560328795	-79.480918	-79.704062	0.568375	1.000000
1.1409019389366337193792	0.5648561442562090029185	-80.315309	-80.538453	0.568375	1.000000
1.0207269459769325870013	0.5117592831476633907783	-79.119882	-79.343025	0.568375	1.000000
1.1273363434668688398688	0.5817457024124753628413	-80.314557	-80.537700	0.568375	1.000000
0.9510816374185890875737	0.5328749397315890590221	-80.560465	-80.783609	0.568375	1.000000
1.0201761129183992693470	0.5846702064120091746346	-79.713324	-79.936468	0.568375	1.000000
1.0803164990979545745375	0.5208836500741239605716	-78.959500	-79.182643	0.568375	1.000000
1.0851383925434245902863	0.5389582230859966127667	-78.958278	-79.181422	0.568375	1.000000
1.0720822420880271597099	0.6178404382468045685783	-80.790137	-81.013280	0.568375	1.000000
1.1455855996050503531336	0.5703420291545286957557	-80.536780	-80.759924	0.568375	1.000000
1.1106618455478369789091	0.4737051761737485211512	-81.031229	-81.254372	0.568375	1.000000
0.9501874372330035845025	0.5431326958159877760224	-80.558434	-80.781578	0.568375	1.000000
1.0545939860962310063996	0.4839971803879427048045	-79.756393	-79.979537	0.568375	1.000000
1.1603321429167570144614	0.5351832588903490117715	-80.801975	-81.025118	0.568375	1.000000
1.0990231457113657231872	0.4681897776073724593004	-81.099224	-81.322368	0.568375	1.000000
1.0970931029253991884076	0.4577087134216728525615	-81.818532	-82.041676	0.568375	1.000000
1.0168835269407296983957	0.5523607509148894534334	-79.087646	-79.310790	0.568375	1.000000
1.1288313246844086101817	0.5105882857639623129131	-80.076655	-80.299799	0.568375	1.000000
1.1003723723569276415901	0.5301914799442414283348	-79.175166	-79.398310	0.568375	1.000000
0.9925881998119895355259	0.5270494460075431097934	-79.412480	-79.635623	0.568375	1.000000
0.9645209046512907002935	0.7104873672280942464852	-86.398072	-86.621216	0.565000	1.000000
1.0406542272844372387652	0.7201186794597210782953	-86.247940	-86.471084	0.565000	1.000000
1.0234932422813802777029	0.5666130605788209928519	-79.245863	-79.469007	0.565000	1.000000
1.0770519245569227795301	0.4739766247765062612274	-80.392076	-80.615219	0.565000	1.000000
1.0948628903092596509339	0.4676650283421623921498	-81.048652	-81.271796	0.565000	1.000000
0.9926612303548031368550	0.5381610555900250281169	-79.380840	-79.603983	0.565000	1.000000
1.1435565933643048186497	0.5425725187143033423354	-80.207747	-80.430890	0.565000	1.000000
1.0114329850423979806351	0.5698698632660184060228	-79.442194	-79.665338	0.565000	1.000000
0.9467039533462975331446	0.5323659395092535939753	-80.723658	-80.946801	0.565000	1.000000
0.9552188094043494448471	0.5266747027985936302485	-80.470021	-80.693165	0.565000	1.000000
0.9787813172429709052125	0.4970540870956199897002	-80.363702	-80.586845	0.565000	1.000000
1.0492230017092547544877	0.5875236721926949678974	-79.648634	-79.871777	0.565000	1.000000
0.9769503275605216918720	0.5255926223054745438645	-79.804943	-80.028087	0.565000	1.000000
1.1530584456471038024006	0.4591350580233098388483	-83.640437	-83.863580	0.565000	1.000000
1.1401200440654293277731	0.4612388546136351186178	-82.888221	-83.111365	0.565000	1.000000
1.2008236886902432516422	0.5041723712800472156914	-83.426438	-83.649582	0.565000	1.000000
1.0035795716843525227091	0.5097649722082713275029	-79.420536	-79.643680	0.565000	1.000000
1.0160200374008996337949	0.4708957153865381828339	-80.728192	-80.951336	0.565000	1.000000
1.0363938350988439740519	0.5522318611638724616952	-78.922547	-79.145690	0.565000	1.000000
0.9223669190197554268451	0.4380804780427651201613	-87.560548	-87.783692	0.565000	1.000000
1.0407728882716200669023	0.6315220055622770001236	-81.349827	-81.572970	0.565000	1.000000
1.1000288443369166113683	0.5423224861532988105850	-79.177678	-79.400822	0.565000	1.000000
1.0370111064178682003245	0.5120867455281807867351	-78.969302	-79.192446	0.565000	1.000000
0.9920662253421742571291	0.5161214879200065608345	-79.545244	-79.768388	0.565000	1.000000
1.1477610637420905259631	0.5061450718799778147883	-80.819636	-81.042779	0.565000	1.000000
1.0360457191889693717712	0.5849029852089443481944	-79.608145	-79.831288	0.565000	1.000000
1.1876598116732313137334	0.5580431940015032621361	-81.908784	-82.131927	0.565000	1.000000
1.0467017149298167844051	0.5972717660123475491574	-79.964563	-80.187707	0.565000	1.000000
1.1326352237702628222848	0.5428527401398950402722	-79.889806	-80.112949	0.565000	1.000000
0.9789156800498549637624	0.5912498405606950724334	-80.530758	-80.753902	0.565000	1.000000
1.0034334009109935337278	0.5547144303017295108305	-79.300592	-79.523736	0.565000	1.000000
1.1416293982329133172016	0.4895196468540328194052	-81.197335	-81.420479	0.565000	1.000000
1.0265725433736090366210	0.5776241993162952725882	-79.469464	-79.692608	0.565000	1.000000
1.0157894469514272550725	0.5781271115740433952368	-79.582374	-79.805518	0.565000	1.000000
1.1064307205615750984151	0.5281229917670891005343	-79.295396	-79.518540	0.565000	1.000000
0.9802889844220813442277	0.5474621308906914007864	-79.692346	-79.915490	0.565000	1.000000
1.0219464819406656186374	0.4690633651914780655190	-80.752701	-80.975844	0.565000	1.000000
1.0666326946190840541107	0.5151528158918134980837	-78.918378	-79.141521	0.565000	1.000000
1.0554144160982568134699	0.4904356276327651587010	-79.496780	-79.719923	0.565000	1.000000
1.1544350401292318153423	0.5079405581441712724811	-81.025578	-81.248722	0.565000	1.000000
1.0310505332789268173599	0.5136950815650681567703	-78.984934	-79.208078	0.565000	1.000000
0.9358241169050419694386	0.5352921518879720785833	-81.125068	-81.348211	0.565000	1.000000
0.9762832647986119383177	0.5302538727279105801315	-79.787618	-80.010762	0.565000	1.000000
1.0045254262779437226527	0.5215392558382666576833	-79.226116	-79.449259	0.565000	1.000000
1.0668260868376191474738	0.5847198509678656064281	-79.595901	-79.819045	0.565000	1.000000
1.0451093219901372854963	0.5910580805925003122780	-79.763541	-79.986685	0.565000	1.000000
0.9471075018358562358500	0.5592523070869647172643	-80.748410	-80.971554	0.565000	1.000000
0.9966498806206275373754	0.5350880048742268080275	-79.300151	-79.523294	0.565000	1.000000
1.1155571617864283862076	0.5243772343563254390020	-79.516630	-79.739774	0.565000	1.000000
1.0989589064660272299534	0.5251513594991454869643	-79.178467	-79.401611	0.565000	1.000000
1.0125035785740268412525	0.5885376068082164291440	-79.905657	-80.128800	0.565000	1.000000
0.9496492041040965892407	0.5365014627102709932061	-80.590984	-80.814127	0.565000	1.000000
1.0843795129743123428767	0.5632056860234387896114	-79.214479	-79.437622	0.565000	1.000000
1.0702638136300490767638	0.5325324955243282420980	-78.817210	-79.040354	0.565000	1.000000
1.0518638222421596850609	0.5978901157739991978346	-79.981464	-80.204607	0.565000	1.000000
1.1425077294301244634767	0.5093830415641875664079	-80.543769	-80.766913	0.565000	1.000000
1.0587257310968931633965	0.5199112074621026202692	-78.830984	-79.054127	0.565000	1.000000
1.0442063506736640743355	0.5168213296370577358729	-78.869418	-79.092562	0.565000	1.000000
1.0183563882621493590364	0.4928074503170536413421	-79.645826	-79.868969	0.565000	1.000000
1.0351759346065319000729	0.5622676161357779145433	-79.080131	-79.303274	0.565000	1.000000
1.0216721365134764365479	0.5249573613280219541721	-78.952582	-79.175726	0.565000	1.000000
1.0096234815227329573162	0.5032274569959712673395	-79.462654	-79.685798	0.565000	1.000000
1.0374328131496064475670	0.4976377512787291679253	-79.299148	-79.522291	0.565000	1.000000
1.0782244976514183676386	0.5585704358237991717928	-79.079874	-79.303017	0.565000	1.000000
1.0619355714201286211562	0.5789381462473095485421	-79.419216	-79.642359	0.565000	1.000000
1.0645114450939665573515	0.5963015845732295705517	-79.948726	-80.171870	0.565000	1.000000
1.1311473658065609448897	0.5521694668142184125870	-79.902614	-80.125758	0.565000	1.000000
1.1171005375019289473926	0.5681186944976781560968	-79.800853	-80.023997	0.565000	1.000000
1.1756326421242311308646	0.5145732702183291040754	-81.763783	-81.986926	0.565000	1.000000
1.1058100285753686975454	0.5305811656147011445839	-79.272096	-79.495239	0.565000	1.000000
1.1038022110203866699152	0.5320429813524011342096	-79.230169	-79.453313	0.565000	1.000000
1.0969747372567912879759	0.4806583132960117743515	-80.342172	-80.565316	0.565000	1.000000
1.0275574405834742020005	0.4897412457916111572231	-79.647282	-79.870426	0.565000	1.000000
1.1270200613562533220602	0.5370168091658503728425	-79.735384	-79.958528	0.565000	1.000000
1.0026771272402448254013	0.6085169010902764519244	-80.698447	-80.921591	0.565000	1.000000
1.0690870294110332849868	0.5345785978389291370760	-78.810281	-79.033424	0.565000	1.000000
1.0442113787660536328161	0.5492178208908621295237	-78.857609	-79.080752	0.565000	1.000000
1.0787338803253694319295	0.5549178217746034702529	-79.031043	-79.254187	0.565000	1.000000
1.0556797658152048402513	0.5415985812484339634310	-78.786651	-79.009794	0.565000	1.000000
1.0629747837389522668872	0.5287091114161518445869	-78.787143	-79.010286	0.565000	1.000000
1.0144103347909714241126	0.5293510777418473089995	-79.019513	-79.242656	0.565000	1.000000
1.0256335562546841089215	0.5336396148159830987723	-78.883776	-79.106919	0.565000	1.000000
0.9556103264579390854649	0.5505883820957545582431	-80.401140	-80.624284	0.565000	1.000000
0.9713269670113651166332	0.5170466957003631014445	-80.078230	-80.301373	0.565000	1.000000
0.9495743087464192377922	0.4935711459890929631023	-81.545884	-81.769028	0.565000	1.000000
1.0125529640968424782699	0.5461237775715461761905	-79.080934	-79.304077	0.565000	1.000000
1.0142082801565315275383	0.5820801420101100465132	-79.703071	-79.926215	0.565000	1.000000
1.1357670408990399035787	0.5401188283191798999994	-79.973389	-80.196533	0.565000	1.000000
1.0009681694696788145649	0.5413206639940723041704	-79.231057	-79.454201	0.565000	1.000000
1.0106347616355098040231	0.5059383228804510412857	-79.379829	-79.602973	0.565000	1.000000
1.0104771876045903766794	0.5144628689033297064270	-79.217882	-79.441026	0.565000	1.000000
0.9659618607294754299986	0.5479635259668397262445	-80.072952	-80.296096	0.565000	1.000000
1.0328482265533620587661	0.6026412859579638459095	-80.200344	-80.423487	0.565000	1.000000
0.9972477068783259790408	0.5733286886757917866220	-79.724525	-79.947668	0.565000	1.000000
1.0738220193149266012966	0.5273369968354940651167	-78.855384	-79.078527	0.565000	1.000000
1.1010375215955034988724	0.5223579910164479755963	-79.238259	-79.461402	0.565000	1.000000
1.0030319626739374605506	0.5605613383849743502907	-79.389153	-79.612297	0.565000	1.000000
1.0963803394950411007613	0.5589552055928405094321	-79.289839	-79.512982	0.565000	1.000000
0.9577974792600892905980	0.5511534698963648226666	-80.335745	-80.558889	0.565000	1.000000
1.1139803451619099128322	0.4760009909421581975053	-80.986130	-81.209274	0.565000	1.000000
1.0339018784312532517333	0.5475362295580320504129	-78.886023	-79.109167	0.561400	1.000000
1.0193561105953243828282	0.5375296740667734329833	-78.953347	-79.176491	0.561400	1.000000
1.0971667038677470618069	0.5097698996559780759696	-79.354277	-79.577420	0.561400	1.000000
1.0392144869729820211290	0.5185304420129239755255	-78.868910	-79.092053	0.561400	1.000000
1.0674461084330286730903	0.5174792707148140324946	-78.892818	-79.115961	0.561400	1.000000
1.0989959003577378648941	0.4701172053796701111317	-80.974995	-81.198138	0.561400	1.000000
1.1016032676712419480225	0.5087831360995859197871	-79.455163	-79.678307	0.561400	1.000000
1.0597613931457736669017	0.5830645675109434877825	-79.525841	-79.748984	0.561400	1.000000
1.0278647488344703209151	0.5115785813631775758026	-79.046899	-79.270042	0.561400	1.000000
1.0451952650645628395409	0.5661469768611402386682	-79.115712	-79.338855	0.561400	1.000000
1.0499779226128747033897	0.5659259382717060082868	-79.104396	-79.327540	0.561400	1.000000
0.9604850837919713946178	0.5052003751803672004783	-80.706738	-80.929882	0.561400	1.000000
1.0135112036775741906069	0.4989152681788424636977	-79.518833	-79.741976	0.561400	1.000000
0.9571801847320464684543	0.5681669452287995136786	-80.548313	-80.771456	0.561400	1.000000
0.9196544959246168993161	0.5407527520567279033514	-81.784432	-82.007575	0.561400	1.000000
1.0965394037480016287134	0.5864259077067894843083	-79.900274	-80.123418	0.561400	1.000000
1.0795022288051236980522	0.4744488667248558666500	-80.393925	-80.617069	0.561400	1.000000
1.1236189623060579556579	0.5626873685072211195290	-79.847104	-80.070247	0.561400	1.000000
1.0085022301193258265073	0.5658789970764286358929	-79.400978	-79.624121	0.561400	1.000000
1.1045447676151676219547	0.5621067357501026151567	-79.464772	-79.687915	0.561400	1.000000
0.9447755293221934413950	0.5165276095678862366967	-81.024168	-81.247311	0.561400	1.000000
0.9351600401465023360004	0.5697597230970040671494	-81.294008	-81.517151	0.561400	1.000000
1.0030428004893163773659	0.5396036699759187982295	-79.189507	-79.412650	0.561400	1.000000
1.1007123911741043542634	0.5676839596477298854893	-79.504432	-79.727575	0.561400	1.000000
1.1245257457123205568905	0.5109675147501790970495	-79.945559	-80.168702	0.561400	1.000000
1.0062100540997884756678	0.5878074209303991715103	-79.962106	-80.185250	0.561400	1.000000
1.0324489618643686306143	0.5833555996547014066422	-79.583043	-79.806186	0.561400	1.000000
0.9834717708225075849526	0.5759614817848091039565	-80.041082	-80.264226	0.561400	1.000000
1.0758575112867365675129	0.5195999667244396436061	-78.929798	-79.152941	0.561400	1.000000
1.0338432998255249195552	0.5251897485219356731534	-78.843175	-79.066318	0.561400	1.000000
1.0264587764183856766209	0.5220752981198053532808	-78.925303	-79.148447	0.561400	1.000000
1.0927781858091967226443	0.5327107282393642728735	-79.049660	-79.272803	0.561400	1.000000
1.0922607256458982671887	0.5381388082776084047509	-79.045508	-79.268651	0.561400	1.000000
1.0561352481757995125378	0.5381836562979492866177	-78.771377	-78.994520	0.561400	1.000000
1.0472344872731462750437	0.4781990339179077453835	-80.035115	-80.258259	0.561400	1.000000
1.0794895742797498972010	0.5867134392393120734255	-79.731191	-79.954334	0.561400	1.000000
1.0001475602091567385088	0.5729230612353883866916	-79.668352	-79.891495	0.561400	1.000000
1.0863258901382100152233	0.4912665746459446980410	-79.705400	-79.928544	0.561400	1.000000
1.0496894121262199117695	0.5778689286792439983031	-79.378214	-79.601358	0.561400	1.000000
1.0765155820913916429049	0.5866846709741140308836	-79.708060	-79.931204	0.561400	1.000000
0.9841970309519412207777	0.5909513286045929847390	-80.415254	-80.638398	0.561400	1.000000
0.9987730141583338605571	0.5694576472061694261129	-79.617473	-79.840616	0.561400	1.000000
1.1438669992468897262938	0.5340228484752262971824	-80.232887	-80.456031	0.561400	1.000000
1.0726856975324123855131	0.5092373615259815355927	-79.056131	-79.279274	0.561400	1.000000
0.9717906829791276290820	0.4947629077191402213742	-80.665343	-80.888487	0.561400	1.000000
1.0394344083759026187153	0.5153603604733097975910	-78.907083	-79.130226	0.561400	1.000000
1.0758238675331595057827	0.5250661527771911529783	-78.883867	-79.107010	0.561400	1.000000
1.0992595032344907313160	0.5142219433854640087134	-79.310911	-79.534055	0.561400	1.000000
1.1331196887062646716515	0.5888488073799341693260	-80.631564	-80.854707	0.561400	1.000000
0.9349447014625237306618	0.5496014285791864795172	-81.127320	-81.350463	0.561400	1.000000
1.1035901591773853436251	0.5575760688118525099100	-79.380381	-79.603524	0.561400	1.000000
1.0336737343920436860145	0.5423248023606411782893	-78.847374	-79.070518	0.561400	1.000000
0.9849048083414341236974	0.5205733779179805287285	-79.652586	-79.875730	0.561400	1.000000
1.0393294243688864231245	0.5591098916211850733404	-79.006658	-79.229802	0.561400	1.000000
1.0060402433426727242249	0.4968816578014033646937	-79.709445	-79.932589	0.561400	1.000000
1.0820751635034568938210	0.4713879277324922734138	-80.604294	-80.827437	0.561400	1.000000
0.9676474012452634942960	0.5244284555718727869333	-80.086663	-80.309806	0.561400	1.000000
1.0039784504779472040781	0.5075015344479780754483	-79.460887	-79.684030	0.561400	1.000000
1.0733100868323284249328	0.5524135483892848030862	-78.956731	-79.179875	0.561400	1.000000
1.0555271584359906533734	0.5798598733583871789321	-79.431168	-79.654312	0.561400	1.000000
1.0515741129447340185266	0.5820320404451939655388	-79.488682	-79.711826	0.561400	1.000000
1.0282851471455700664848	0.5310053741324022302805	-78.862651	-79.085795	0.561400	1.000000
1.1197166521450929721482	0.5893658510846759845947	-80.359471	-80.582615	0.561400	1.000000
1.0610380094465166056494	0.5756575440207071236998	-79.333126	-79.556270	0.561400	1.000000
1.0456431922738480544410	0.5029376322980927405126	-79.120162	-79.343305	0.561400	1.000000
1.0421834366526367965378	0.5368162810301162490845	-78.781982	-79.005125	0.561400	1.000000
1.0679637565528057319142	0.4906791966947937067012	-79.537206	-79.760350	0.561400	1.000000
1.0488678556487567306021	0.5465035495623206118765	-78.822481	-79.045625	0.561400	1.000000
1.1542229844642928338061	0.5587348830955489731309	-80.640795	-80.863938	0.561400	1.000000
1.0345167433000999057668	0.5682048846378812134716	-79.198846	-79.421989	0.561400	1.000000
1.0748352646653909214791	0.4936497596238195728624	-79.486198	-79.709342	0.561400	1.000000
1.0627548280583152262579	0.5150317558957320240864	-78.901815	-79.124959	0.561400	1.000000
1.0817873367344557067327	0.5264920395582355361341	-78.932967	-79.156110	0.561400	1.000000
1.1089778341472662503975	0.5586602631080742620284	-79.489127	-79.712271	0.561400	1.000000
1.1055317769215957657281	0.5818536038841950475131	-79.903590	-80.126734	0.561400	1.000000
1.0997723812639095264387	0.5218961605499166100941	-79.220391	-79.443535	0.561400	1.000000
1.0329156199082494271835	0.5259058487904427758863	-78.845398	-79.068542	0.561400	1.000000
1.0794218569834754806180	0.5168955238693697662455	-78.995083	-79.218227	0.561400	1.000000
1.1000176830118739701447	0.5273797245977157599484	-79.182107	-79.405251	0.561400	1.000000
1.0684991905773004727820	0.5528764197434139493481	-78.933016	-79.156160	0.561400	1.000000
1.0136452036242846741487	0.5215118794547243252779	-79.081789	-79.304933	0.561400	1.000000
1.1250967579734774126621	0.5140613681441743576528	-79.899835	-80.122979	0.561400	1.000000
1.1037461647153019583811	0.5456995675320913674611	-79.259613	-79.482757	0.561400	1.000000
1.0658689912921288645009	0.5438436394517982552799	-78.830723	-79.053866	0.561400	1.000000
0.9684684642766359097266	0.5270936436019136861475	-80.034490	-80.257634	0.561400	1.000000
1.0981606180776104508823	0.5722968910678429832473	-79.563217	-79.786361	0.561400	1.000000
1.0539199316290346342129	0.5601795797369519824827	-78.998310	-79.221454	0.561400	1.000000
1.1177294427095567641572	0.5072027610557842125516	-79.849741	-80.072884	0.561400	1.000000
1.0270647563007020419690	0.4951619490861966510487	-79.460406	-79.683550	0.561400	1.000000
1.0668883077784085955386	0.5068076623802104663241	-79.065555	-79.288699	0.561400	1.000000
1.0857691634402180103081	0.5437871745914227838981	-78.989205	-79.212348	0.561400	1.000000
1.0867480565735074815592	0.5561360277610535307602	-79.127028	-79.350171	0.561400	1.000000
1.0655253998248686020389	0.5656164398254025504897	-79.125185	-79.348329	0.561400	1.000000
1.1017087651352579502628	0.6006108773598130001758	-80.415797	-80.638940	0.561400	1.000000
1.0743157508829972446307	0.5607403779146302724712	-79.085092	-79.308235	0.561400	1.000000
1.1643544896974635793896	0.6097491997795086993150	-82.105827	-82.328970	0.561400	1.000000
1.1481681420630358569923	0.4754977898010694925546	-82.207419	-82.430563	0.561400	1.000000
1.0251853570305924368000	0.4455939059266930679648	-82.577035	-82.800179	0.561400	1.000000
1.0590381903299048715894	0.5305227616684101699107	-78.770221	-78.993365	0.561400	1.000000
1.1485554536570847794508	0.5408963277463303409576	-80.367068	-80.590212	0.561400	1.000000
1.0806774444100706311644	0.5120275652537684685228	-79.080774	-79.303918	0.571000	1.000000
1.0806774444100706311644	0.5120275652537684685228	-79.080774	-79.303918	0.571000	1.000000
1.1315755152805224703627	0.5070815830914052746436	-80.242733	-80.465877	0.571000	1.000000
1.0474587552808161117213	0.5735858715409749564174	-79.274540	-79.497684	0.571000	1.000000
1.0340255135426255073128	0.5592213564126291558409	-79.034809	-79.257952	0.571000	1.000000
1.0355190714089435033429	0.4684696984731969160443	-80.645160	-80.868303	0.571000	1.000000
1.0277730096425230499335	0.5141038223214338120926	-79.007028	-79.230171	0.571000	1.000000
1.0140948938999507777936	0.5073749195012030588359	-79.294033	-79.517176	0.571000	1.000000
1.0539184643197552215810	0.5075666244916485769778	-79.008522	-79.231666	0.571000	1.000000
1.0571530679862284340942	0.5548435472420840675056	-78.919750	-79.142893	0.571000	1.000000
1.0859891064617368527934	0.5450759316128812592694	-79.000578	-79.223721	0.571000	1.000000
1.0752360918296879344069	0.5455994555924875699660	-78.901884	-79.125027	0.571000	1.000000
1.0381359986944447282298	0.5580486038590320996278	-78.994964	-79.218108	0.571000	1.000000
1.0388469118391454593109	0.5726505318410717304545	-79.276324	-79.499467	0.571000	1.000000
0.9608421535670851332256	0.6118012928282527962409	-81.609740	-81.832884	0.571000	1.000000
0.9538902437681544554948	0.5860729482544542179312	-81.011320	-81.234463	0.571000	1.000000
0.9538902437681544554948	0.5860729482544542179312	-81.011320	-81.234463	0.571000	1.000000
0.9538902437681544554948	0.5860729482544542179312	-81.011320	-81.234463	0.571000	1.000000
0.9992401763178574425339	0.6069810721744974824077	-80.689645	-80.912789	0.571000	1.000000
1.0524745105543671375159	0.5780643757257467596489	-79.382323	-79.605467	0.571000	1.000000
1.1390490950002181147482	0.5875196594107569003640	-80.739549	-80.962693	0.571000	1.000000
1.1494914868237600114043	0.5450091507090425446691	-80.401043	-80.624187	0.571000	1.000000
1.0674223861380263134180	0.5225771647174828338223	-78.842032	-79.065176	0.571000	1.000000
1.0259279748970768775251	0.5211331585908813845975	-78.938854	-79.161997	0.571000	1.000000
1.1002446893422501705828	0.5066813992451922876725	-79.475643	-79.698787	0.571000	1.000000
1.0702898963751423799806	0.5468180371418168705944	-78.878096	-79.101240	0.571000	1.000000
0.9769973946232139994095	0.5234635663518421022644	-79.825331	-80.048474	0.571000	1.000000
1.0315001378604060633393	0.6161356954047823020204	-80.724851	-80.947995	0.571000	1.000000
1.0283508565750081320544	0.5514504678670025805687	-78.965660	-79.188804	0.571000	1.000000
1.0101236423748063408823	0.5385282227723542369802	-79.075349	-79.298493	0.571000	1.000000
1.0957214099322889477861	0.5253216617419323997140	-79.124292	-79.347435	0.571000	1.000000
1.0873873399799975913993	0.5220383959247983929330	-79.030987	-79.254131	0.571000	1.000000
1.1154319623988424581285	0.4980022877692001359584	-80.050146	-80.273289	0.571000	1.000000
0.9871424811437790047819	0.5613874365801537758003	-79.690311	-79.913455	0.571000	1.000000
1.0565869057188170820893	0.5340304362772910762303	-78.763330	-78.986473	0.571000	1.000000
1.0661693343854599103082	0.5623875223018648394913	-79.067205	-79.290349	0.571000	1.000000
1.0555102439899792798883	0.6349920946607958693875	-81.494453	-81.717596	0.571000	1.000000
1.0598242836582478787477	0.5927925164143806879835	-79.819949	-80.043093	0.571000	1.000000
1.0990667351119514094648	0.6007517511319281355853	-80.385351	-80.608495	0.571000	1.000000
1.1678385768120802534753	0.6146664851662433370905	-82.378124	-82.601268	0.571000	1.000000
1.1246915738926053229818	0.5008213403087454773654	-80.212939	-80.436083	0.571000	1.000000
1.1186970400523450486219	0.4793125635798958228406	-80.936001	-81.159145	0.571000	1.000000
0.9923706970924021097957	0.5012506553031139677756	-79.866953	-80.090096	0.571000	1.000000
0.9947235978056041538764	0.5135024377337260581555	-79.529637	-79.752780	0.571000	1.000000
1.0983780062285490863871	0.5531037913698851893329	-79.240890	-79.464033	0.571000	1.000000
1.0515637937624597864072	0.5553829999128866434788	-78.923416	-79.146559	0.571000	1.000000
1.1065965303654452522863	0.5084205287397963735074	-79.563094	-79.786238	0.571000	1.000000
1.0396289250324770581102	0.5116809304455777196452	-78.962181	-79.185324	0.571000	1.000000
1.0565031213068032389657	0.5462210466921150198161	-78.821213	-79.044357	0.571000	1.000000
1.0500103033517229622618	0.5537408379922706957998	-78.901626	-79.124770	0.571000	1.000000
1.0736861497773648732590	0.5525881497680438236841	-78.961491	-79.184635	0.571000	1.000000
1.1431829712981018687401	0.5390605880260306292939	-80.196083	-80.419227	0.571000	1.000000
1.0959250997552041351213	0.5664183927625233705427	-79.411313	-79.634456	0.571000	1.000000
1.0937648649444782211759	0.5665235664987912089785	-79.384631	-79.607775	0.571000	1.000000
1.0664666191457572441692	0.5482344706465008821183	-78.870731	-79.093875	0.571000	1.000000
1.0428431537655280525456	0.5493846086339532197584	-78.863307	-79.086450	0.571000	1.000000
1.0850361051148085245188	0.4784172189234763283849	-80.254050	-80.477193	0.571000	1.000000
1.0850361051148085245188	0.4784172189234763283849	-80.254050	-80.477193	0.571000	1.000000
1.1401537360676561316808	0.4677406170599134327404	-82.395448	-82.618592	0.571000	1.000000
0.9837951003062918031716	0.4854570588711722978204	-80.685169	-80.908313	0.571000	1.000000
1.0090339508050245598270	0.5254745092553059215845	-79.117980	-79.341123	0.571000	1.000000
1.0112475946420507177947	0.5709420436891339267760	-79.467362	-79.690506	0.571000	1.000000
1.1039605548641120424946	0.5449429895277260182951	-79.258415	-79.481558	0.571000	1.000000
1.0850758766110273345618	0.5337680202935733975167	-78.949379	-79.172523	0.571000	1.000000
1.1486820275797327006728	0.5609879423661309205684	-80.490298	-80.713442	0.571000	1.000000
1.1020587731119655394707	0.5351874151256400535814	-79.194992	-79.418136	0.571000	1.000000
1.0471536611803970995282	0.5378605392385262806698	-78.772035	-78.995179	0.571000	1.000000
0.9995537608776712268366	0.5529859839743461735750	-79.344376	-79.567519	0.571000	1.000000
1.0562539860104371847171	0.5090908432978061837204	-78.981216	-79.204359	0.571000	1.000000
1.0562539860104371847171	0.5090908432978061837204	-78.981216	-79.204359	0.571000	1.000000
0.9824247385771345264516	0.4748056448022775488660	-81.288938	-81.512082	0.571000	1.000000
1.0747545463813883426241	0.5441882486381994787905	-78.887520	-79.110664	0.571000	1.000000
1.0092114700303720375985	0.5530485880093636286148	-79.194058	-79.417201	0.571000	1.000000
1.0351542454346713828528	0.5566771790815313591949	-78.989113	-79.212257	0.571000	1.000000
1.0816898051172290085020	0.5774170543252439280479	-79.495981	-79.719125	0.571000	1.000000
1.0944607340436094400360	0.5458824008858799148314	-79.114737	-79.337880	0.571000	1.000000
1.0944607340436094400360	0.5458824008858799148314	-79.114737	-79.337880	0.571000	1.000000
1.0916058068708767159194	0.5408918421824654432228	-79.045925	-79.269069	0.571000	1.000000
1.0395223473485162291041	0.5167863661044141965206	-78.887997	-79.111141	0.571000	1.000000
1.1259874798753608526880	0.5125767028772545419457	-79.953209	-80.176352	0.571000	1.000000
1.0946694871558215744756	0.5600252241152609000707	-79.282657	-79.505800	0.571000	1.000000
1.0182309146850259118366	0.6061267592570945828001	-80.433933	-80.657077	0.571000	1.000000
1.0163840580135485858193	0.6063295449103012213499	-80.458948	-80.682092	0.571000	1.000000
1.1224342992003868424433	0.5005582721571935067573	-80.156773	-80.379917	0.571000	1.000000
0.9634285822396508880416	0.6331593065767617822814	-82.391429	-82.614573	0.571000	1.000000
1.0363053729575180117450	0.6296112087825073144742	-81.278868	-81.502012	0.571000	1.000000
1.0354609590139773889206	0.6122672172098081455616	-80.550373	-80.773517	0.571000	1.000000
1.1168011859927811091353	0.5768656981118520654661	-79.978471	-80.201615	0.571000	1.000000
1.0193316054877761267505	0.5193541713722382713314	-79.029132	-79.252276	0.571000	1.000000
1.0181191893688277261276	0.4950326309283513137594	-79.572752	-79.795896	0.571000	1.000000
0.9298593618299789698156	0.4744407377454564755936	-83.554145	-83.777289	0.571000	1.000000
1.1002896147746110688814	0.5799214282229173678118	-79.774853	-79.997997	0.571000	1.000000
1.1735427626647005894256	0.5702317248391347570546	-81.457871	-81.681014	0.571000	1.000000
1.1412229500914727875482	0.5704502185000288605465	-80.416414	-80.639558	0.571000	1.000000
1.1412229500914727875482	0.5704502185000288605465	-80.416414	-80.639558	0.571000	1.000000
1.1614784294040905177070	0.5230524557545822572635	-80.978125	-81.201268	0.571000	1.000000
1.1812136102072900989413	0.5577427716471622387573	-81.633270	-81.856413	0.571000	1.000000
1.1387521228054124922124	0.6361442702080478683868	-82.472222	-82.695365	0.571000	1.000000
1.1296633648915801462209	0.6365867677657603973529	-82.307775	-82.530919	0.571000	1.000000
1.1293353238661083537409	0.6298489103146789336307	-82.007362	-82.230506	0.571000	1.000000
1.0864272046542950977965	0.6302857888679184172886	-81.424726	-81.647870	0.582250	1.000000
1.1054943341044132232298	0.5249772090950374225926	-79.298354	-79.521498	0.582250	1.000000
0.9996857682711918213769	0.5759212209699223761206	-79.743791	-79.966934	0.582250	1.000000
0.9996857682711918213769	0.5759212209699223761206	-79.743791	-79.966934	0.582250	1.000000
1.0587698257361011222599	0.5320430829013794715721	-78.767614	-78.990758	0.582250	1.000000
0.9821408892843398463768	0.6149556194183919410889	-81.269565	-81.492709	0.582250	1.000000
1.0076409471558038788430	0.6360280270364430110774	-81.786941	-82.010085	0.582250	1.000000
1.1318763985712545494522	0.5495916487454939325374	-79.901590	-80.124734	0.582250	1.000000
1.1154618314296251835316	0.4909171185598962816599	-80.306994	-80.530138	0.582250	1.000000
1.1193864597199481014655	0.4929133361402092128323	-80.334889	-80.558032	0.582250	1.000000
0.9620445034717290955228	0.5234786865869429650644	-80.276372	-80.499515	0.582250	1.000000
0.9817263649527495639191	0.5276232854438719366286	-79.662529	-79.885673	0.582250	1.000000
1.0544755044612499350620	0.5305389468073470338183	-78.762821	-78.985965	0.582250	1.000000
1.0353475858144502996794	0.6064704299079519689286	-80.328319	-80.551463	0.582250	1.000000
1.0550851563163659019295	0.5407975397464774847123	-78.781597	-79.004741	0.582250	1.000000
1.0869171180917744923278	0.4927795639445850528482	-79.658857	-79.882001	0.582250	1.000000
1.1217755570319543068081	0.5813300469162510086818	-80.185288	-80.408432	0.582250	1.000000
1.1425088229526707550576	0.5085578631785573344715	-80.564624	-80.787768	0.582250	1.000000
1.0606596199687132742184	0.4992392197687794963556	-79.223186	-79.446329	0.582250	1.000000
1.0886580793035309788763	0.4954153948834261744771	-79.593990	-79.817133	0.582250	1.000000
1.0904438907915494638701	0.5361466133478992590611	-79.017223	-79.240367	0.582250	1.000000
1.0060680328162512342516	0.5253054014495354140379	-79.167145	-79.390289	0.582250	1.000000
1.0996998172195935339346	0.5218394283332166150302	-79.219687	-79.442830	0.582250	1.000000
1.1018895921951132876870	0.5717843433000814323819	-79.606538	-79.829682	0.582250	1.000000
1.1219622844454315568896	0.5722079319905245542444	-79.981806	-80.204949	0.582250	1.000000
1.0604828505681136441297	0.5534040904752616230056	-78.907587	-79.130730	0.582250	1.000000
1.0604828505681136441297	0.5534040904752616230056	-78.907587	-79.130730	0.582250	1.000000
1.0527904890399781834276	0.5537413528529858686156	-78.900899	-79.124042	0.582250	1.000000
0.9973908816053497217169	0.5449372567971189074143	-79.313448	-79.536592	0.582250	1.000000
1.0199360805786483741286	0.6635016999725749098360	-83.040222	-83.263366	0.582250	1.000000
1.0359872349792269563551	0.6627979563330490542228	-82.914324	-83.137468	0.582250	1.000000
1.0831683898499804286075	0.4967215641996831632099	-79.476840	-79.699984	0.582250	1.000000
1.0331166812209586769455	0.5087931379206964699335	-79.054152	-79.277296	0.582250	1.000000
1.0640592378807522955242	0.5023183703481787221179	-79.154832	-79.377976	0.582250	1.000000
1.0664121082170598953098	0.5573196320006941206771	-78.984343	-79.207486	0.582250	1.000000
1.0208999259251854141439	0.5382058623460079793688	-78.938014	-79.161158	0.582250	1.000000
1.0538529174643660457633	0.4977692074316371617648	-79.251716	-79.474859	0.582250	1.000000
1.0508109722016558684743	0.5405257429288832238257	-78.779117	-79.002260	0.582250	1.000000
1.1737221123130066047224	0.5422428149033063915496	-81.299297	-81.522441	0.582250	1.000000
1.1453647860149787085504	0.5488894660339092013146	-80.283723	-80.506867	0.582250	1.000000
1.1445223683987781893023	0.5296754021789044086788	-80.282419	-80.505563	0.582250	1.000000
1.0814396761051408013543	0.5474289330785295781823	-78.971647	-79.194790	0.582250	1.000000
1.0437730773596674005432	0.5490803799855971112365	-78.857364	-79.080508	0.582250	1.000000
1.0392312796847280598200	0.5622588760074604952166	-79.060725	-79.283868	0.582250	1.000000
0.9779066966687727235907	0.6542074629659195839082	-83.079755	-83.302898	0.582250	1.000000
0.9672098935422687171481	0.5889201318055283795871	-80.731369	-80.954513	0.582250	1.000000
0.9534732390518775302368	0.5478469617624385223920	-80.457203	-80.680347	0.582250	1.000000
1.0164853495217149870200	0.5641755948332162207137	-79.270028	-79.493172	0.582250	1.000000
1.0559800786641295733403	0.4949447739746387631143	-79.341360	-79.564504	0.582250	1.000000
1.0370996873618063549571	0.5067877629420038942953	-79.068484	-79.291628	0.582250	1.000000
0.9578439857286432657091	0.5259767152820556956883	-80.387152	-80.610296	0.582250	1.000000
1.0542959821366861827840	0.5249953591691552956533	-78.783945	-79.007088	0.582250	1.000000
1.0068966370540506360953	0.5223027591636346667059	-79.178163	-79.401306	0.582250	1.000000
1.1050724412351533576526	0.5267629867378085251062	-79.277440	-79.500583	0.582250	1.000000
1.1053944775089141749902	0.5341080676201109822543	-79.255793	-79.478937	0.582250	1.000000
1.0020624940290585591640	0.5678440146729311077678	-79.532739	-79.755882	0.582250	1.000000
1.0025400241507536058805	0.5787356366837806964654	-79.768092	-79.991235	0.582250	1.000000
0.9826494383743349381177	0.5796077155933259117404	-80.142974	-80.366118	0.582250	1.000000
1.0278760095927721440745	0.5341551978233483044534	-78.863831	-79.086974	0.582250	1.000000
1.1165932925985633250576	0.5440095024918312205386	-79.500716	-79.723859	0.582250	1.000000
1.0567111174094205860996	0.5313000189243797244387	-78.764336	-78.987480	0.582250	1.000000
1.0398289764767476572871	0.5146053577239237952767	-78.915775	-79.138919	0.582250	1.000000
1.1031505923445501515801	0.6637300102713139526855	-83.228642	-83.451785	0.582250	1.000000
1.0491683083767202600001	0.6551359701210386354830	-82.483631	-82.706775	0.582250	1.000000
1.0492023693261482986117	0.6559128404578966620164	-82.523747	-82.746891	0.582250	1.000000
1.1383813300264291612507	0.6702384526739575409948	-84.113096	-84.336239	0.582250	1.000000
1.0622630840091493720223	0.6735757660004429991929	-83.481809	-83.704952	0.582250	1.000000
1.0935905472101175028854	0.6722022508986652544749	-83.584132	-83.807275	0.582250	1.000000
1.1061948019071115023593	0.6238117986612470300400	-81.365556	-81.588700	0.582250	1.000000
0.9678738969756168764036	0.6524466070811284490460	-83.180095	-83.403238	0.582250	1.000000
1.1425691473515704466024	0.6379629005561299193161	-82.635498	-82.858641	0.582250	1.000000
1.0032370565178370114268	0.6144289219160327109037	-80.916825	-81.139969	0.582250	1.000000
0.9968159814437773658113	0.5762312539347074213936	-79.797716	-80.020859	0.582250	1.000000
1.1043486198279277576972	0.5645490174667102678541	-79.503141	-79.726285	0.582250	1.000000
1.0338013305748288139796	0.5466019904057858314061	-78.878202	-79.101345	0.582250	1.000000
1.0379539642757551476393	0.5188148794614284575744	-78.872170	-79.095314	0.582250	1.000000
1.1237921432522817166699	0.5150514073163323658378	-79.846359	-80.069502	0.582250	1.000000
1.0030740239374920097504	0.5143921933058236417580	-79.346107	-79.569250	0.582250	1.000000
1.0384141572274376841278	0.4899080693063370128826	-79.553957	-79.777100	0.582250	1.000000
1.0676892324608637796501	0.4886245386967615345064	-79.613556	-79.836699	0.582250	1.000000
1.0965244096975972354358	0.5075419492235717644490	-79.389620	-79.612764	0.582250	1.000000
1.1050931376136248207587	0.5749798046313163712995	-79.727656	-79.950800	0.582250	1.000000
1.1797762977837149556137	0.5714316539924061411071	-81.712841	-81.935985	0.582250	1.000000
1.1497555309730562722592	0.4931830401703443111927	-81.352971	-81.576114	0.582250	1.000000
1.0245586485472348847736	0.5349264976749568134551	-78.894461	-79.117605	0.582250	1.000000
0.9905048025148733836787	0.5186000490149329511524	-79.544609	-79.767752	0.582250	1.000000
1.0706201364822631738605	0.5520756541443037068717	-78.935210	-79.158353	0.582250	1.000000
1.0432159008248633735860	0.6434806289877569307478	-81.907285	-82.130428	0.582250	1.000000
1.1261527708840306516436	0.5549395499654892205399	-79.804818	-80.027962	0.582250	1.000000
1.1577465131494759642550	0.5680023668696736471873	-80.872231	-81.095374	0.582250	1.000000
1.0927348325668151396428	0.5174623691237719702585	-79.156330	-79.379473	0.582250	1.000000
1.0136004715397517461639	0.5610526928650914069152	-79.249562	-79.472706	0.582250	1.000000
1.0471393944725078117841	0.5726215239759528952135	-79.252341	-79.475484	0.582250	1.000000
1.0466382542936392141542	0.5611913980954933434120	-79.020115	-79.243258	0.582250	1.000000
0.9727485707976879503178	0.5138584132013815919393	-80.093301	-80.316445	0.582250	1.000000
1.1206442113491295042849	0.5466631280860326791426	-79.605600	-79.828744	0.582250	1.000000
1.0396433022047002481258	0.5571816229700674583114	-78.975207	-79.198351	0.582250	1.000000
1.0589287939539853145021	0.5563360736833944386603	-78.944413	-79.167557	0.582250	1.000000
1.0589287939539853145021	0.5563360736833944386603	-78.944413	-79.167557	0.582250	1.000000
0.9688755763071217330662	0.5976921563344707033494	-80.946664	-81.169807	0.582250	1.000000
1.1526433467482826156214	0.6245571460340408886935	-82.316361	-82.539505	0.591385	1.000000
1.1253469745986393046877	0.6258850215548353856931	-81.764148	-81.987292	0.591385	1.000000
1.1253469745986393046877	0.6258850215548353856931	-81.764148	-81.987292	0.591385	1.000000
1.1084994621731729669278	0.5587438038388545802349	-79.481652	-79.704796	0.591385	1.000000
1.0554641964027506872981	0.4933146372660894285467	-79.394676	-79.617819	0.591385	1.000000
1.0761279714542266727761	0.4923094150003746172217	-79.545198	-79.768342	0.591385	1.000000
1.0345549462204224333561	0.5220846880322751459857	-78.860757	-79.083901	0.591385	1.000000
1.0554521004545427409482	0.5617506119064815672814	-79.026673	-79.249817	0.591385	1.000000
1.0398725213936996780717	0.4809703479387572033765	-79.926526	-80.149670	0.591385	1.000000
1.0822159565010349702163	0.5701447863551692973871	-79.330722	-79.553865	0.591385	1.000000
1.0971500024606837264685	0.4913215235160299787509	-79.880604	-80.103747	0.591385	1.000000
1.0971500024606837264685	0.4913215235160299787509	-79.880604	-80.103747	0.591385	1.000000
1.0855356298314586815934	0.5526855280770872624885	-79.068984	-79.292127	0.591385	1.000000
1.0839193874082839741391	0.5194613636308482718107	-79.013954	-79.237098	0.591385	1.000000
1.0693082643716254054311	0.5336112057576547496041	-78.811084	-79.034228	0.591385	1.000000
1.0742980167957369985743	0.6308576714999847290244	-81.364539	-81.587683	0.591385	1.000000
1.0798479967170186988312	0.5926460590230616665153	-79.915716	-80.138859	0.591385	1.000000
1.1046512044200464952581	0.5916041045046611657199	-80.166495	-80.389639	0.591385	1.000000
1.0480294953286433123907	0.5416315413649319676637	-78.787769	-79.010912	0.591385	1.000000
1.1274258132069909787987	0.5248804420331634190688	-79.810589	-80.033733	0.591385	1.000000
1.1300122781701840146695	0.5780489123315563082528	-80.287693	-80.510836	0.591385	1.000000
1.1300122781701840146695	0.5780489123315563082528	-80.287693	-80.510836	0.591385	1.000000
1.1126414975292988618349	0.5788939416366840617911	-79.948818	-80.171961	0.591385	1.000000
1.1186939097219135152983	0.5998693733317247422931	-80.664261	-80.887404	0.591385	1.000000
1.0839935408170822128682	0.5315842874990942545921	-78.939162	-79.162305	0.591385	1.000000
1.0292564593109756465594	0.5838131452239900820445	-79.615944	-79.839088	0.591385	1.000000
1.0284424873622877161239	0.5670807927686467575512	-79.214806	-79.437949	0.591385	1.000000
1.0265466528241262711418	0.5669147890038909176624	-79.226037	-79.449180	0.591385	1.000000
1.1093713327610279506530	0.5603499805618479268077	-79.521024	-79.744168	0.591385	1.000000
1.0630587111903644359501	0.5496727550961150177145	-78.871342	-79.094486	0.591385	1.000000
1.0327610481433340261503	0.5511466331952585839815	-78.930740	-79.153883	0.591385	1.000000
1.1410804692302622953548	0.5458772623462886386392	-80.140401	-80.363544	0.591385	1.000000
0.9990865392396995892099	0.6102660383145066536059	-80.813434	-81.036578	0.591385	1.000000
0.9892052186261250934507	0.5614156742619138551476	-79.648830	-79.871974	0.591385	1.000000
1.0202076688690517869418	0.4907529147401735736267	-79.695588	-79.918731	0.591385	1.000000
1.0281471882360087022334	0.5593963005336232141573	-79.077324	-79.300467	0.591385	1.000000
1.0514632174973981282307	0.4986514383856877064005	-79.225639	-79.448783	0.591385	1.000000
1.0292120422851158689781	0.4997338822617939935178	-79.300997	-79.524140	0.591385	1.000000
1.0167588362642006050152	0.5582638275705785746439	-79.168181	-79.391324	0.591385	1.000000
1.0655189029316729509844	0.5507884710944488393380	-78.893512	-79.116656	0.591385	1.000000
1.0296567864179440032757	0.5525330408996008690892	-78.968585	-79.191729	0.591385	1.000000
1.0855173718844151053986	0.5035365742240521802486	-79.315877	-79.539021	0.591385	1.000000
1.0863471836143703264099	0.5205945359382951886928	-79.031573	-79.254716	0.591385	1.000000
1.0691039420916805813278	0.5182403309507622735097	-78.893850	-79.116993	0.591385	1.000000
1.0729373904323868949007	0.5970423202078162239204	-80.012767	-80.235910	0.591385	1.000000
1.0580504842460509706825	0.5977665174819750681934	-79.981983	-80.205126	0.591385	1.000000
1.0580504842460509706825	0.5977665174819750681934	-79.981983	-80.205126	0.591385	1.000000
1.0759002178838967811458	0.5294208753652273058421	-78.864488	-79.087632	0.591385	1.000000
1.0806007976663298819631	0.5623605049880026074405	-79.163348	-79.386492	0.591385	1.000000
1.0268763291461935338589	0.5469398247686118041955	-78.931822	-79.154965	0.591385	1.000000
1.0515430834155392592066	0.5528937160914171311532	-78.889908	-79.113052	0.591385	1.000000
0.9890031205522544777153	0.4803547247829588195955	-80.788795	-81.011939	0.591385	1.000000
0.9718869388664298503144	0.5400705704938406626070	-79.882533	-80.105677	0.591385	1.000000
1.0671152379280604005629	0.4956288972639972811862	-79.361803	-79.584947	0.591385	1.000000
1.0991144250194515574748	0.5172371151860645221987	-79.263523	-79.486667	0.591385	1.000000
1.0997984526434194663125	0.5312982770134115906302	-79.161887	-79.385030	0.591385	1.000000
1.0914701779504341061511	0.5317034192072035425625	-79.032904	-79.256047	0.591385	1.000000
1.1562457219596953272855	0.5687866843896731694485	-80.835484	-81.058628	0.591385	1.000000
1.1048699278104521237509	0.5827629352438479237719	-79.917248	-80.140392	0.591385	1.000000
1.1464539376340727727666	0.5513148774836443832825	-80.331538	-80.554682	0.591385	1.000000
1.0410822157341161897648	0.5034399833730400786180	-79.123859	-79.347003	0.591385	1.000000
1.1253076097792475973591	0.4807246554114383285672	-81.061387	-81.284531	0.591385	1.000000
1.0619035560992053923712	0.6045991581222844857280	-80.232976	-80.456120	0.591385	1.000000
0.9669557462615377962933	0.6140384645194939539081	-81.547348	-81.770491	0.591385	1.000000
0.9681733192564876411268	0.5958388935373117867300	-80.906515	-81.129658	0.591385	1.000000
1.0253396114952759710093	0.5610166128175215760621	-79.126853	-79.349997	0.591385	1.000000
1.0235406695494528861445	0.5035378515803260457417	-79.259166	-79.482309	0.591385	1.000000
1.0815422083154535570770	0.5310124451403193113208	-78.913699	-79.136843	0.591385	1.000000
1.0127294775397310822029	0.5019818970956977377540	-79.444805	-79.667948	0.591385	1.000000
1.0482734271306795026391	0.5951792468932756152711	-79.892081	-80.115225	0.591385	1.000000
1.0877101108859184019906	0.5614547205385413963796	-79.219681	-79.442825	0.591385	1.000000
1.0584234339564266846878	0.5439829279436956266380	-78.806718	-79.029862	0.591385	1.000000
1.0709018585388130340164	0.5218292232650874051814	-78.869835	-79.092979	0.591385	1.000000
0.9801777835594260857022	0.4941606424071494085837	-80.426521	-80.649664	0.591385	1.000000
0.9877765529461495219721	0.4988295148732842521078	-80.054684	-80.277828	0.591385	1.000000
1.0947582070754908745158	0.4107192248035929638128	-87.447818	-87.670961	0.591385	1.000000
1.0971430012463867509354	0.4597420647985058228535	-81.660034	-81.883178	0.591385	1.000000
0.9933531038859726436385	0.5424740849174680690226	-79.378487	-79.601631	0.591385	1.000000
1.0688581904253582344211	0.5336019876655684335276	-78.808416	-79.031559	0.591385	1.000000
1.0155490551786985342630	0.5253170697245247433571	-79.024819	-79.247963	0.591385	1.000000
1.0464769744613662272315	0.5401964703946259271916	-78.782779	-79.005923	0.591385	1.000000
1.1570950664753556491604	0.6056161018728642986275	-81.757446	-81.980589	0.591385	1.000000
1.1460893645696796916411	0.5781980102221266903939	-80.703896	-80.927039	0.591385	1.000000
1.0479509650151019872766	0.5415501775086741798049	-78.787413	-79.010557	0.591385	1.000000
1.0212788235686585114337	0.5982588307330763965908	-80.127778	-80.350921	0.591385	1.000000
1.0615425673164371467294	0.5793266744674564483475	-79.428330	-79.651473	0.591385	1.000000
1.0734488720770070102617	0.4936438296089808996925	-79.473923	-79.697066	0.591385	1.000000
1.1448840892198934859891	0.5583148372783111046402	-80.344966	-80.568110	0.591385	1.000000
1.1173476748756459020484	0.5787648994788009426671	-80.033884	-80.257028	0.591385	1.000000
0.9713864794137757607828	0.5971422447275410716472	-80.871895	-81.095039	0.591385	1.000000
0.9686362946254024608450	0.6136669587470295894605	-81.495963	-81.719107	0.591385	1.000000
0.9856113144603716458292	0.5587967563986949715016	-79.685278	-79.908421	0.591385	1.000000
1.0785561839427719732498	0.5411853812027671573048	-78.900766	-79.123910	0.591385	1.000000
1.0526196385608685979207	0.5437561669263503150162	-78.798584	-79.021727	0.591385	1.000000
1.0308835014793882312034	0.5779425450890909310431	-79.447247	-79.670391	0.591385	1.000000
1.1871894728800251872514	0.5816571945598010273670	-82.170861	-82.394004	0.591385	1.000000
0.9687842257197454287621	0.5338381866314867441048	-79.980961	-80.204105	0.591385	1.000000
1.0272558084926377564017	0.4930638889351667275562	-79.529128	-79.752271	0.591385	1.000000
1.1151840375713550912451	0.5536868942353693201497	-79.546911	-79.770055	0.591385	1.000000
0.9793119297027623737506	0.5555560801517186453324	-79.786703	-80.009847	0.591385	1.000000
1.0487268815862267334893	0.5328003708550268502364	-78.761807	-78.984950	0.595929	1.000000
1.0486299039690576417883	0.5284637656204241862312	-78.769501	-78.992645	0.595929	1.000000
1.0998453390059106382637	0.5654255900372326948400	-79.448588	-79.671731	0.595929	1.000000
1.0550676460291410485581	0.5162119612703106596996	-78.866639	-79.089783	0.595929	1.000000
1.0962898506842457813093	0.5152901270323203553048	-79.243193	-79.466336	0.595929	1.000000
1.0270586981808511595204	0.5447558156134042484098	-78.912615	-79.135759	0.595929	1.000000
1.0375326999354821388977	0.5861809676992544293483	-79.638672	-79.861815	0.595929	1.000000
1.1279996559883287421400	0.5841578944989240795849	-80.390140	-80.613283	0.595929	1.000000
1.0980053397633657841226	0.5686129984462904296549	-79.483335	-79.706479	0.595929	1.000000
1.0978892841000931213102	0.5634232689855503961596	-79.384042	-79.607186	0.595929	1.000000
1.0301273692414503191372	0.5735427624019505676856	-79.344208	-79.567351	0.595929	1.000000
1.0293259410380675156205	0.5377048253252741938368	-78.857674	-79.080818	0.595929	1.000000
1.0630394778865415172930	0.5677170784244143231234	-79.158326	-79.381470	0.595929	1.000000
0.9685480797502680205824	0.5608650236073282613347	-80.122060	-80.345204	0.595929	1.000000
1.0491326608969431255503	0.5234277326375580408069	-78.795073	-79.018216	0.595929	1.000000
1.0318364905511585583042	0.4592696666283501150119	-81.316376	-81.539520	0.595929	1.000000
1.0588944722458892844230	0.4763637102348852736533	-80.134691	-80.357835	0.595929	1.000000
1.1228547389425254099393	0.5218628244129798199324	-79.721654	-79.944798	0.595929	1.000000
1.0017857519776598440586	0.5447191711707966010891	-79.234202	-79.457346	0.595929	1.000000
1.0017857519776598440586	0.5447191711707966010891	-79.234202	-79.457346	0.595929	1.000000
1.1625996511428151602985	0.5380548402345082248388	-80.872881	-81.096024	0.595929	1.000000
1.0874929248388029989769	0.5238126059063740180832	-79.017520	-79.240663	0.595929	1.000000
1.0899268896153648800151	0.4920571369807532069451	-79.729821	-79.952965	0.595929	1.000000
1.0871062801796933516840	0.5133634155798909581847	-79.136139	-79.359282	0.595929	1.000000
1.1397237028085349663797	0.5483828564145739603575	-80.111767	-80.334910	0.595929	1.000000
1.1479928243761972073145	0.5343316122158988656921	-80.366857	-80.590001	0.595929	1.000000
1.1585868763369617795433	0.5364803623883912520043	-80.729576	-80.952719	0.595929	1.000000
1.1540829928714495533626	0.5349616974047854967012	-80.574082	-80.797226	0.595929	1.000000
1.1236220369392395657115	0.5333556759813505854240	-79.656022	-79.879165	0.595929	1.000000
1.1362832377476659306836	0.5547164430691744474444	-80.062550	-80.285694	0.595929	1.000000
1.0833427791258671835095	0.4979015797047254276997	-79.442759	-79.665903	0.595929	1.000000
1.0873005450437009944409	0.5400602590205803021917	-78.987579	-79.210722	0.595929	1.000000
0.9314443058581980405819	0.5264005083317230271334	-81.407248	-81.630392	0.595929	1.000000
1.0865843870871865206595	0.5337568952926176057971	-78.967183	-79.190327	0.595929	1.000000
1.1374312280968361665856	0.5326198294969254343201	-80.039770	-80.262913	0.595929	1.000000
1.1539021251042156368527	0.5322514979892137843009	-80.585072	-80.808216	0.595929	1.000000
1.1053762025538738100749	0.5087799369209597966091	-79.529972	-79.753116	0.595929	1.000000
1.0777009060714199950581	0.5093988275421070799354	-79.097474	-79.320618	0.595929	1.000000
1.0892717595351437687157	0.5051962302784848146686	-79.327684	-79.550828	0.595929	1.000000
1.0905381846651760469058	0.4874040277265694331987	-79.920875	-80.144018	0.595929	1.000000
0.9753118934056888011952	0.5935553824928194721622	-80.675675	-80.898818	0.595929	1.000000
0.9568690641274080199707	0.5272862300099042665025	-80.406315	-80.629459	0.595929	1.000000
0.9568690641274080199707	0.5272862300099042665025	-80.406315	-80.629459	0.595929	1.000000
0.9924445204252665408973	0.4995682031528329014591	-79.915307	-80.138451	0.595929	1.000000
1.0682639018985833345710	0.5447461822313613977187	-78.849379	-79.072523	0.595929	1.000000
1.0272710359835779403426	0.5607010468328439412034	-79.105629	-79.328773	0.595929	1.000000
1.0882836667840021238618	0.5340461924117936298728	-78.988115	-79.211258	0.595929	1.000000
1.0933104852495882930441	0.5497190364217781066714	-79.131865	-79.355009	0.595929	1.000000
1.0642047181554681323234	0.4806485194963799889578	-79.940103	-80.163246	0.595929	1.000000
1.1002969535622841856792	0.5051322104378779265232	-79.513150	-79.736294	0.595929	1.000000
1.1464713903619960788660	0.5040996315858241594299	-80.832005	-81.055148	0.595929	1.000000
1.1229517216112976374376	0.5259357962537567487971	-79.682533	-79.905677	0.595929	1.000000
1.1232199226550487747289	0.5379291003192679943012	-79.639119	-79.862262	0.595929	1.000000
1.0315879048698846087717	0.5904756775862057827098	-79.798995	-80.022139	0.595929	1.000000
0.9840803317196340493922	0.5570021934838743637997	-79.695106	-79.918249	0.595929	1.000000
0.9950447205358576852063	0.4996365596138048759123	-79.852320	-80.075463	0.595929	1.000000
0.9997982660914309649414	0.4933359440089324365886	-79.956122	-80.179266	0.595929	1.000000
1.0980781353987878468104	0.5075243770452277924932	-79.417203	-79.640346	0.595929	1.000000
1.0987643227129886280835	0.5382090193941491129692	-79.142903	-79.366047	0.595929	1.000000
1.0923817107210804788764	0.5383517509707635984029	-79.047721	-79.270864	0.595929	1.000000
1.1030525333045038127722	0.5348791212921930604551	-79.212557	-79.435701	0.595929	1.000000
1.1091495555787398430425	0.5373668401587038401246	-79.327444	-79.550587	0.595929	1.000000
1.0641934164419577513172	0.5603120333649926898545	-79.022952	-79.246096	0.595929	1.000000
1.0642159630264258485255	0.5613202622644151151832	-79.040307	-79.263451	0.595929	1.000000
1.0324010342669678319538	0.6427763534438615256050	-81.910730	-82.133873	0.595929	1.000000
1.0310544602714770690000	0.5825608108465527568143	-79.569268	-79.792411	0.595929	1.000000
0.9972578230401140109151	0.6159697874419540752911	-81.059539	-81.282683	0.595929	1.000000
1.0246841213309121343400	0.5598008619263799001686	-79.112388	-79.335532	0.595929	1.000000
1.0246841213309121343400	0.5598008619263799001686	-79.112388	-79.335532	0.595929	1.000000
1.1007369770083927917881	0.5246074112419590873557	-79.213325	-79.436468	0.595929	1.000000
1.0545689521181957903906	0.5760809340023144153875	-79.332729	-79.555873	0.595929	1.000000
1.1027477464787187599882	0.6018496105761405035040	-80.472817	-80.695960	0.595929	1.000000
1.0839932363452386976377	0.5305514556634495226817	-78.941321	-79.164465	0.595929	1.000000
1.0719474243982030081668	0.5308208309181229322959	-78.830557	-79.053701	0.595929	1.000000
1.0719474243982030081668	0.5308208309181229322959	-78.830557	-79.053701	0.595929	1.000000
1.0037727583348370341554	0.4978743931244911102851	-79.721327	-79.944470	0.595929	1.000000
1.1108502240367279512157	0.5209371350888247764743	-79.446997	-79.670140	0.595929	1.000000
1.0651027993060953047433	0.5219601648556559947423	-78.835103	-79.058247	0.595929	1.000000
1.0391431967652293710813	0.5535135248412109687521	-78.925710	-79.148853	0.595929	1.000000
1.0469632799093198105567	0.5306513288761927071846	-78.766600	-78.989744	0.595929	1.000000
1.0167595456333717862663	0.5623474148617146894935	-79.234383	-79.457526	0.595929	1.000000
1.0925671269414485298199	0.5643681820297584694757	-79.328884	-79.552027	0.595929	1.000000
1.1194226698072566872355	0.5616597624787681430902	-79.739417	-79.962561	0.595929	1.000000
1.0799733687444987850768	0.5625419500446371401381	-79.160982	-79.384126	0.595929	1.000000
1.0566874527377332348976	0.5175523575441842716316	-78.852355	-79.075499	0.595929	1.000000
1.0572824313878839141978	0.5441583683335001753179	-78.805831	-79.028975	0.595929	1.000000
1.0383277396285981453161	0.5090168792067295555626	-79.016655	-79.239799	0.595929	1.000000
1.0654400397610734874121	0.5319597683197254678333	-78.791003	-79.014146	0.595929	1.000000
1.0906280686013567482462	0.5639003725178448611643	-79.296407	-79.519551	0.595929	1.000000
1.0407668316693534649175	0.5650153976781202569413	-79.106202	-79.329345	0.595929	1.000000
1.1020019795948727825419	0.5440325320427525923606	-79.219386	-79.442529	0.595929	1.000000
1.1396035147081835514626	0.5486443916213832316942	-80.109709	-80.332853	0.595929	1.000000
1.0632289728233639269916	0.5039358034770915484302	-79.111517	-79.334660	0.595929	1.000000
1.0566017660975268732670	0.5635349968424889777197	-79.060510	-79.283654	0.595929	1.000000
1.0305399098895995368963	0.5641178068003516177242	-79.142229	-79.365372	0.595929	1.000000
1.0681629952780247183597	0.5707166134795013112679	-79.244004	-79.467147	0.595929	1.000000
1.0303631566067392721919	0.5568670128194257440413	-79.021976	-79.245119	0.595929	1.000000
1.0337235350008457945847	0.5284819719155890993534	-78.828329	-79.051472	0.595929	1.000000
1.0409160316266496959514	0.5057625094532759435495	-79.070967	-79.294111	0.595929	1.000000
1.0409160316266496959514	0.5057625094532759435495	-79.070967	-79.294111	0.595929	1.000000
1.0119914631948883076973	0.5779951023855008918062	-79.622612	-79.845756	0.600933	1.000000
1.0115323535194482573729	0.5632382904415652591368	-79.312755	-79.535898	0.600933	1.000000
1.0367218489045204599108	0.5077284043137949565150	-79.051213	-79.274356	0.600933	1.000000
1.0143309998018210649207	0.5084250219506818435633	-79.268401	-79.491545	0.600933	1.000000
1.0644239044731640397856	0.5182965784804187681090	-78.867854	-79.090998	0.600933	1.000000
1.0305194072523762294225	0.5509446250668408318063	-78.943623	-79.166767	0.600933	1.000000
1.0621705194557398144184	0.6106727723876553826088	-80.463674	-80.686818	0.600933	1.000000
0.9796782067452729503287	0.6043025592791941846826	-80.929530	-81.152674	0.600933	1.000000
1.0047357456757903815259	0.5381911740446474468058	-79.157804	-79.380948	0.600933	1.000000
1.0834689993553145992422	0.5871141556994817767290	-79.776786	-79.999930	0.600933	1.000000
1.0626938969443016080874	0.5273949045301261628893	-78.790922	-79.014066	0.600933	1.000000
1.0152803998342578850611	0.5845266321157456257396	-79.758667	-79.981811	0.600933	1.000000
0.9379104209690822813172	0.5793584949069552347822	-81.362302	-81.585446	0.600933	1.000000
1.0492839105930045207060	0.6280424940650638498951	-81.177852	-81.400996	0.600933	1.000000
0.9733507178574405394045	0.5711378439361530778839	-80.167625	-80.390769	0.600933	1.000000
0.9751323846908886983087	0.5637083646464348118954	-79.995522	-80.218666	0.600933	1.000000
0.9751020855120076102907	0.5627344812614337721257	-79.981478	-80.204621	0.600933	1.000000
0.9742015829176762231612	0.5337903135593773384926	-79.827689	-80.050832	0.600933	1.000000
1.0519644339703952962140	0.5881758721871952477755	-79.667065	-79.890209	0.600933	1.000000
1.0613599824486059652884	0.5903085533817215013741	-79.744790	-79.967933	0.600933	1.000000
1.0987197237112547032467	0.6425760783084319971437	-82.115460	-82.338603	0.600933	1.000000
1.0319838171003730131758	0.5450579109705412372833	-78.877267	-79.100410	0.600933	1.000000
1.0319838171003730131758	0.5450579109705412372833	-78.877267	-79.100410	0.600933	1.000000
1.0321077325995224871491	0.5490408322978607147391	-78.912174	-79.135317	0.600933	1.000000
1.0566249538476422120681	0.5369064045571370069609	-78.768155	-78.991298	0.600933	1.000000
1.0023938832130092624340	0.5226212245708797832222	-79.253619	-79.476762	0.600933	1.000000
1.0880872611477043765404	0.5465194945097681111790	-79.036225	-79.259369	0.600933	1.000000
1.0897004383028723317750	0.5983706167677449450082	-80.194249	-80.417392	0.600933	1.000000
1.0073533180089822014480	0.5319530678438083581838	-79.115617	-79.338760	0.600933	1.000000
1.0849833703514619731578	0.5801634880930133242316	-79.597216	-79.820360	0.600933	1.000000
1.0820466976050342466920	0.5316406395659113437446	-78.917844	-79.140987	0.600933	1.000000
0.9963023316115710015239	0.5343082935410136125043	-79.307621	-79.530765	0.600933	1.000000
0.9574665520102418891923	0.5208538125038891797303	-80.468587	-80.691731	0.600933	1.000000
1.1193252329484013607441	0.5242168593858987923895	-79.607553	-79.830696	0.600933	1.000000
1.1185904591941331354121	0.5005995873197421897061	-80.050739	-80.273883	0.600933	1.000000
1.0750773819537764453003	0.5019533536240847748644	-79.240011	-79.463154	0.600933	1.000000
1.0658785110778818960853	0.5125439378670728629572	-78.953437	-79.176581	0.600933	1.000000
1.1318039659124239371124	0.5104928841376278336739	-80.167857	-80.391001	0.600933	1.000000
1.1325130673437140416127	0.5332849903172518502004	-79.893401	-80.116544	0.600933	1.000000
1.0085675827492255329787	0.5038687607040769345090	-79.464306	-79.687449	0.600933	1.000000
0.9954136572654451731168	0.5758657242336575610153	-79.812907	-80.036051	0.600933	1.000000
1.0965902386773520582608	0.5332001960662873241148	-79.106040	-79.329184	0.600933	1.000000
1.0038315537257749276989	0.5559158350327191300266	-79.309654	-79.532797	0.600933	1.000000
1.0075219714557159811363	0.5555785845629268582258	-79.249626	-79.472769	0.600933	1.000000
1.0577370666208563143584	0.5495207561738719714839	-78.855285	-79.078429	0.600933	1.000000
1.0894503938528461439716	0.5649612995136478188485	-79.301888	-79.525032	0.600933	1.000000
1.0757493679528118413202	0.5633600040218526006086	-79.141508	-79.364651	0.600933	1.000000
1.0746814164195144236658	0.5290336528574995922369	-78.855649	-79.078793	0.600933	1.000000
1.1199023149657421072334	0.5672269662118939459461	-79.842063	-80.065207	0.600933	1.000000
1.0938526063007771860214	0.6351885294325064768017	-81.717141	-81.940285	0.600933	1.000000
0.9944952264412990627918	0.6382797075672668185575	-82.056266	-82.279409	0.600933	1.000000
1.0811333865474199722456	0.6046459811691233809938	-80.336257	-80.559401	0.600933	1.000000
1.1158454647854247898664	0.5657366893342441471759	-79.732468	-79.955611	0.600933	1.000000
0.9781999171301261064571	0.5502185724392055776732	-79.762522	-79.985666	0.600933	1.000000
1.0176312944647170066759	0.5476223738696184284436	-79.030299	-79.253442	0.600933	1.000000
0.9874266894808080285983	0.5274815355008412032234	-79.525010	-79.748154	0.600933	1.000000
0.9901847699610787367774	0.5150881265846793954921	-79.605093	-79.828236	0.600933	1.000000
1.0869455265213732175766	0.6407372944715326035237	-81.911675	-82.134819	0.600933	1.000000
1.0745299392524942927452	0.5447665494035656141847	-78.890046	-79.113189	0.600933	1.000000
1.0519549673559214220120	0.4856283469894723259230	-79.684886	-79.908029	0.600933	1.000000
1.0660018897886525124363	0.5818785296030567488756	-79.512466	-79.735610	0.600933	1.000000
0.9870110046759642541403	0.5710744337053694774653	-79.864701	-80.087845	0.600933	1.000000
1.0640509971424145785335	0.5553286516006175066451	-78.945310	-79.168453	0.600933	1.000000
1.1446887153953519966620	0.5600604805680289288716	-80.359109	-80.582253	0.600933	1.000000
1.1446887153953519966620	0.5600604805680289288716	-80.359109	-80.582253	0.600933	1.000000
0.9814487103489502040077	0.5871131716125713717602	-80.361333	-80.584476	0.600933	1.000000
0.9791271540830306374659	0.5124931601728219821013	-79.935471	-80.158615	0.600933	1.000000
1.0708862476353475656765	0.5748962435883696597827	-79.355427	-79.578570	0.600933	1.000000
1.1115252858050399531464	0.5802731400761252933407	-79.963048	-80.186191	0.600933	1.000000
1.1355708717571655341771	0.5222584599392389170802	-80.076033	-80.299177	0.600933	1.000000
1.0207868757533560266637	0.6173894327323244946015	-80.849313	-81.072456	0.600933	1.000000
1.0255747751775619036607	0.6221974443608236926551	-81.013313	-81.236457	0.600933	1.000000
1.0258269706666869325318	0.6303035715134666094883	-81.365775	-81.588918	0.600933	1.000000
1.1738597144569538066605	0.6458558631669591987290	-83.787900	-84.011043	0.600933	1.000000
1.0164018380751691505992	0.5705602901027645446064	-79.398390	-79.621533	0.600933	1.000000
1.0602110753469804471649	0.5732528143032457057515	-79.272962	-79.496105	0.600933	1.000000
1.1452071794637812551798	0.6265048166504524340681	-82.210352	-82.433496	0.600933	1.000000
1.1923093744648194380886	0.5429934061457228899883	-82.121805	-82.344948	0.600933	1.000000
1.1703169760106038044256	0.5390095587800441956361	-81.172487	-81.395631	0.600933	1.000000
1.0760349098226509312326	0.5559156590134439746009	-79.022817	-79.245960	0.600933	1.000000
1.1028433772565238157881	0.5550816017096460441849	-79.335132	-79.558275	0.600933	1.000000
1.0710226949635541782158	0.5124794997056530965196	-78.986285	-79.209428	0.600933	1.000000
1.0378173140075601654786	0.5075091615382623100317	-79.049337	-79.272481	0.600933	1.000000
1.0454023733547022079193	0.5470273366552990124134	-78.833095	-79.056239	0.600933	1.000000
1.0358284414736023126835	0.5840560341702407676223	-79.584920	-79.808063	0.600933	1.000000
0.9769412690033409951695	0.5302043894929143741379	-79.770215	-79.993358	0.600933	1.000000
0.9984111994223134889381	0.5452249814202363431548	-79.296575	-79.519719	0.600933	1.000000
1.0226146318991136130450	0.4972906203216779785770	-79.442497	-79.665641	0.600933	1.000000
1.0111018235794824171592	0.5447649639263325571648	-79.090818	-79.313962	0.600933	1.000000
1.0345760781159816232844	0.5100581444588447865840	-79.019920	-79.243063	0.600933	1.000000
1.0345760781159816232844	0.5100581444588447865840	-79.019920	-79.243063	0.600933	1.000000
1.0359170849129455405091	0.5746109158216843315614	-79.335920	-79.559064	0.600933	1.000000
0.9531105870076578279182	0.5556082331809124585931	-80.517214	-80.740358	0.600933	1.000000
1.0084271796204644644490	0.5557787638559800180715	-79.239302	-79.462445	0.600933	1.000000
1.0781214926209492510623	0.5536104544986988340582	-79.008648	-79.231792	0.600933	1.000000
1.0568920837046325011954	0.5460511898565716393250	-78.820330	-79.043473	0.600933	1.000000
1.0432341863739549303602	0.5601752395095230818711	-79.010609	-79.233753	0.600933	1.000000
1.0048971489676916668543	0.5967958278907261604473	-80.258397	-80.481541	0.600933	1.000000
1.0048682414251637329272	0.5958666748110458266652	-80.228457	-80.451600	0.600933	1.000000
1.0756253074776866984763	0.5561471156496820000825	-79.022980	-79.246123	0.600933	1.000000
1.0752567377458612796204	0.5421734236450772570493	-78.878369	-79.101513	0.604875	1.000000
0.9524073400195318672701	0.4646091219533489136140	-83.141715	-83.364859	0.604875	1.000000
1.1429366837824039837557	0.4595837250065407109112	-83.142847	-83.365991	0.604875	1.000000
1.1779515875326274088053	0.4573652645840163288860	-85.143774	-85.366918	0.604875	1.000000
1.0973628067260268181826	0.5289280103550915157484	-79.130118	-79.353262	0.604875	1.000000
1.0400406909141175493261	0.5540130454764109479981	-78.928587	-79.151730	0.604875	1.000000
1.0391101878906783273493	0.5187346122895860611735	-78.867169	-79.090313	0.604875	1.000000
1.0156691465887657255251	0.5107308586220157264890	-79.204133	-79.427276	0.604875	1.000000
0.9884791881888821407642	0.6102978777120249276322	-80.981026	-81.204169	0.604875	1.000000
1.0674317580625825030438	0.6123577626164166121114	-80.547429	-80.770573	0.604875	1.000000
1.0840930448340178049449	0.5896022891829556522580	-79.857008	-80.080152	0.604875	1.000000
1.0818865990252473086031	0.5059486641175013899030	-79.213988	-79.437131	0.604875	1.000000
1.1048158004891179828633	0.4955533963848073875091	-79.882422	-80.105565	0.604875	1.000000
1.0314720972937234666489	0.5308568284971055817323	-78.837679	-79.060823	0.604875	1.000000
1.0180293983859494133526	0.5515249160607899048259	-79.064993	-79.288137	0.604875	1.000000
1.0444272830332268497955	0.5638131843102105467125	-79.072216	-79.295360	0.604875	1.000000
1.0435874631182813221386	0.5319728463295089193608	-78.773203	-78.996347	0.604875	1.000000
1.0961293067739010798078	0.5111808023549339052849	-79.309486	-79.532630	0.604875	1.000000
1.0985395371110531215209	0.6025605698271507826291	-80.441402	-80.664546	0.604875	1.000000
1.0760898695117315781999	0.6222687549130205830750	-80.998366	-81.221509	0.604875	1.000000
1.0741742200492421233093	0.5496401767467453680638	-78.931356	-79.154500	0.604875	1.000000
1.0812297863021813615347	0.4969257295219743908454	-79.446923	-79.670067	0.604875	1.000000
1.0883991858313208922482	0.5305502717499340770146	-78.994521	-79.217665	0.604875	1.000000
1.0438895130610132966353	0.5537673899351100992305	-78.912477	-79.135621	0.604875	1.000000
1.0517798258706361202997	0.5535592752525119175644	-78.898474	-79.121618	0.604875	1.000000
1.0191217185798198130442	0.5410922938527410464005	-78.968734	-79.191878	0.604875	1.000000
1.0272303530142521399426	0.5548648893094160206019	-79.017417	-79.240560	0.604875	1.000000
1.0253472022027301235880	0.6070199100862775365428	-80.408244	-80.631388	0.604875	1.000000
1.0237692998570355751298	0.5471964371090803913589	-78.961992	-79.185135	0.604875	1.000000
1.0296139711875640365690	0.5696987302076749193347	-79.261099	-79.484243	0.604875	1.000000
1.0308435711905945542100	0.5671537932967762873915	-79.199437	-79.422580	0.604875	1.000000
0.9993779608848261108989	0.5679837294044494111489	-79.578321	-79.801464	0.604875	1.000000
1.0021084732219351920435	0.5833271724858056783702	-79.893714	-80.116858	0.604875	1.000000
1.0312158843367846827732	0.5825594361778062557633	-79.568227	-79.791371	0.604875	1.000000
1.0501832534070476565802	0.6063144522915643319649	-80.284379	-80.507522	0.604875	1.000000
1.0691870521822819384283	0.6058132085962011359470	-80.304362	-80.527505	0.604875	1.000000
1.0670877383167343133152	0.5262213082172456646290	-78.816456	-79.039599	0.604875	1.000000
0.9883526985232248263102	0.4953917707685916993476	-80.154914	-80.378057	0.604875	1.000000
0.9947831829786162316509	0.4980899550269678455194	-79.906401	-80.129545	0.604875	1.000000
1.0626308514612226030494	0.5026834545385050478927	-79.139390	-79.362534	0.604875	1.000000
1.0533472039716731405434	0.5172844600192451069987	-78.852034	-79.075177	0.604875	1.000000
1.1373613276462117838150	0.5677775676770207002875	-80.265985	-80.489129	0.604875	1.000000
1.1007570398664603406047	0.5530793299343904623200	-79.277437	-79.500581	0.604875	1.000000
1.1013575353191300543187	0.5758460896034820475364	-79.690258	-79.913401	0.604875	1.000000
1.0766266462716200802419	0.5465576292056515406159	-78.920877	-79.144020	0.604875	1.000000
1.0544534890686889649913	0.5471424678153272713743	-78.827256	-79.050400	0.604875	1.000000
0.9947490446925966178782	0.5037105676477647842049	-79.743617	-79.966760	0.604875	1.000000
0.9712234797251199092116	0.5043310773289749748827	-80.367691	-80.590835	0.604875	1.000000
0.9770516304498635395959	0.5366049460377583235626	-79.744890	-79.968033	0.604875	1.000000
1.0617851082198173084947	0.5343700180625298168380	-78.776294	-78.999438	0.604875	1.000000
1.0424949995061003615859	0.4836448588909804668923	-79.790934	-80.014078	0.604875	1.000000
1.0442027837025098513379	0.5538915687987508995604	-78.913288	-79.136432	0.604875	1.000000
1.0271179264187222379690	0.5337966792752876221684	-78.870317	-79.093460	0.604875	1.000000
1.0271179264187222379690	0.5337966792752876221684	-78.870317	-79.093460	0.604875	1.000000
1.0262569595131723065862	0.5011545892568786131349	-79.290977	-79.514121	0.604875	1.000000
1.1105044602622791138913	0.5535557460390001516259	-79.452894	-79.676037	0.604875	1.000000
1.1246944722705327635026	0.4877651372785473116167	-80.701395	-80.924539	0.604875	1.000000
1.0592052048733286984117	0.5503796637112491341171	-78.867746	-79.090890	0.604875	1.000000
1.0927956173445927401389	0.5238528113845716260855	-79.090512	-79.313656	0.604875	1.000000
1.0818364166825109595749	0.5206963549436744997934	-78.977502	-79.200646	0.604875	1.000000
1.1127597861469216145025	0.5057702766539304839455	-79.762477	-79.985621	0.604875	1.000000
1.1534388095196312917778	0.5481731900476645158449	-80.541376	-80.764519	0.604875	1.000000
1.0872434212905190964449	0.5445457262598641934304	-79.011355	-79.234498	0.604875	1.000000
1.0721073735398507498218	0.5538197641619694300275	-78.966421	-79.189565	0.604875	1.000000
1.0573192197683303206190	0.5257860940843800401368	-78.783447	-79.006591	0.604875	1.000000
1.0463573840200874887074	0.5097360153817961370137	-78.972619	-79.195763	0.604875	1.000000
1.0161963363507404700670	0.5369543299398453761739	-78.989826	-79.212970	0.604875	1.000000
0.9968423249050638590418	0.4844761455659351567782	-80.387269	-80.610413	0.604875	1.000000
0.9983803361605393389411	0.5270728147975526356461	-79.294050	-79.517194	0.604875	1.000000
1.0564212926207960929759	0.5310667323239283144076	-78.764204	-78.987347	0.604875	1.000000
1.1262311589822080470924	0.5199205672507644093727	-79.836495	-80.059639	0.604875	1.000000
1.1093437783047723765861	0.4992585394772693363485	-79.863111	-80.086254	0.604875	1.000000
0.9868206551072279397729	0.4820465099343787529484	-80.763246	-80.986389	0.604875	1.000000
0.9872568680305249255724	0.4985847780346621127556	-80.076023	-80.299166	0.604875	1.000000
1.0070580405481377450627	0.5062810306411584804209	-79.432477	-79.655621	0.604875	1.000000
1.0061191299914362673462	0.5063057953212428685674	-79.448617	-79.671761	0.604875	1.000000
1.0998952689226544343626	0.6092193251740873893851	-80.700417	-80.923560	0.604875	1.000000
1.0998952689226544343626	0.6092193251740873893851	-80.700417	-80.923560	0.604875	1.000000
1.0998952689226544343626	0.6092193251740873893851	-80.700417	-80.923560	0.604875	1.000000
1.0149627978530639804688	0.5837867281262195673364	-79.741443	-79.964586	0.604875	1.000000
1.0149627978530639804688	0.5837867281262195673364	-79.741443	-79.964586	0.604875	1.000000
1.0393128300771306005146	0.5650582412944231691654	-79.112575	-79.335718	0.604875	1.000000
1.0782802371108035632830	0.5291467482939120614560	-78.886483	-79.109627	0.604875	1.000000
1.0453541652438664844027	0.5127752774288704129546	-78.923154	-79.146298	0.604875	1.000000
1.1127523265180763178961	0.5445364692710064069558	-79.422396	-79.645540	0.604875	1.000000
1.1182476033477746213407	0.5410879515028901298734	-79.526492	-79.749636	0.604875	1.000000
1.0749869029158012345704	0.4839766560784463100831	-79.866824	-80.089967	0.604875	1.000000
1.0588645967042051854179	0.5435635221372496772574	-78.804681	-79.027825	0.604875	1.000000
1.0588645967042051854179	0.5435635221372496772574	-78.804681	-79.027825	0.604875	1.000000
1.0455079144476535635278	0.5209664026749823984019	-78.821449	-79.044592	0.604875	1.000000
1.0118982905398881122494	0.5285267308569686628417	-79.057872	-79.281016	0.604875	1.000000
1.0422172302474399518957	0.5277270393027563288868	-78.787773	-79.010917	0.604875	1.000000
1.0573023690530656271136	0.5273291540794160514594	-78.776099	-78.999242	0.604875	1.000000
1.1018981649998007554814	0.5324147451980131284799	-79.195278	-79.418421	0.604875	1.000000
1.0689317803081477276095	0.6013092459279110180148	-80.139637	-80.362780	0.604875	1.000000
1.1256428047353581600731	0.5170516021813743590130	-79.863112	-80.086255	0.604875	1.000000
1.0676913306631179434447	0.5541676020398129676181	-78.945558	-79.168702	0.604875	1.000000
1.0599999442380945158249	0.5116927460973557106882	-78.943343	-79.166486	0.604875	1.000000
1.0234407131410618863043	0.4446083609719653773062	-82.698639	-82.921783	0.604875	1.000000
1.0792374435371785423854	0.4431366678824037452777	-82.821918	-83.045061	0.604875	1.000000
1.0864628820984332246979	0.4916163634480940625160	-79.694427	-79.917571	0.610000	1.000000
1.1684693483954009529668	0.4894320734335195766107	-82.353534	-82.576677	0.610000	1.000000
1.0902944752768080061145	0.4908425998539862611381	-79.780687	-80.003830	0.610000	1.000000
1.0650825761957227744148	0.4476859493162050895876	-82.235641	-82.458784	0.610000	1.000000
1.1039446276520952228140	0.5221880288313955897905	-79.293507	-79.516651	0.610000	1.000000
1.0644791370093420468379	0.5334678910084075242892	-78.786148	-79.009292	0.610000	1.000000
1.1241060364130037729780	0.5745605622570840731456	-80.077398	-80.300541	0.610000	1.000000
1.0318100102870055856386	0.5602122787124883540599	-79.064699	-79.287843	0.610000	1.000000
1.0727107075705879513094	0.5185341974233305117892	-78.915614	-79.138758	0.610000	1.000000
1.0827094224928641708061	0.5523798649750407685488	-79.035797	-79.258940	0.610000	1.000000
1.0264932177068482044291	0.5538772163464156239598	-79.010439	-79.233582	0.610000	1.000000
1.0264932177068482044291	0.5538772163464156239598	-79.010439	-79.233582	0.610000	1.000000
1.0617941748432964121918	0.6011784118336985782705	-80.109023	-80.332166	0.610000	1.000000
1.0836915315917670099566	0.6005951629772235955684	-80.213017	-80.436161	0.610000	1.000000
1.1296293111748465509692	0.5894641408965339834936	-80.569012	-80.792156	0.610000	1.000000
1.1024156212802149745755	0.5901889933841575341944	-80.090859	-80.314003	0.610000	1.000000
1.1004444461295428414616	0.5161836609967849209823	-79.302059	-79.525203	0.610000	1.000000
1.0758110784428498440946	0.5168397850988591946120	-78.961457	-79.184601	0.610000	1.000000
1.0750328932393808933909	0.4876237843685248263270	-79.712399	-79.935543	0.610000	1.000000
1.0696540094253719210826	0.4980380400322062528495	-79.304614	-79.527757	0.610000	1.000000
1.0893701913178250872960	0.4969893403590437408468	-79.554007	-79.777151	0.610000	1.000000
1.0905179477075590543933	0.5400804340617211263265	-79.028139	-79.251283	0.610000	1.000000
1.0362245882405485275513	0.5208606706685159348780	-78.861227	-79.084371	0.610000	1.000000
1.0371089978515826146577	0.5540647353650748341281	-78.942297	-79.165440	0.610000	1.000000
1.0718589871388086720572	0.5863026888705054062711	-79.667075	-79.890219	0.610000	1.000000
1.0095461996195616016792	0.5893504666943913949950	-79.965044	-80.188188	0.610000	1.000000
0.9924488240817743722744	0.5537645920677709554525	-79.483471	-79.706615	0.610000	1.000000
1.0712222969614153544882	0.5546757929360049965695	-78.972205	-79.195349	0.610000	1.000000
1.0696712691379501869449	0.5404316494915212265582	-78.830502	-79.053646	0.610000	1.000000
1.1100613358272246600222	0.5393558365301640566969	-79.348531	-79.571674	0.610000	1.000000
1.1122564681413171783220	0.6217693635489588421805	-81.369731	-81.592875	0.610000	1.000000
1.0104860966850959247409	0.6381873664505534060609	-81.856798	-82.079942	0.610000	1.000000
0.9813664173335111540197	0.6134507913185823779756	-81.226799	-81.449942	0.610000	1.000000
1.0324262424494572432110	0.6244223686122689631617	-81.067754	-81.290898	0.610000	1.000000
1.0834224694302190261652	0.5802085691274057044353	-79.583568	-79.806712	0.610000	1.000000
1.0834224694302190261652	0.5802085691274057044353	-79.583568	-79.806712	0.610000	1.000000
1.0263854918163597407244	0.6370651200881045639335	-81.672249	-81.895392	0.610000	1.000000
1.2331595052214925356537	0.6554616712259021538145	-86.309928	-86.533072	0.610000	1.000000
1.2459395682105285363406	0.5549591993036814274731	-85.010495	-85.233639	0.610000	1.000000
1.1333358153686672320504	0.5375092496855579105031	-79.905472	-80.128616	0.610000	1.000000
1.1338885702187397885865	0.5582617466893944335737	-80.036823	-80.259966	0.610000	1.000000
1.1037113019085962317689	0.5886580437682705779778	-80.064464	-80.287607	0.610000	1.000000
0.9904944086682776482888	0.5418700423656304110409	-79.434784	-79.657927	0.610000	1.000000
0.9905590083908756282582	0.5442953590308530209541	-79.443990	-79.667134	0.610000	1.000000
1.0266444988099083790445	0.5442225999249519219347	-78.912304	-79.135448	0.610000	1.000000
1.0264589723794699249737	0.5372572396186561238807	-78.880617	-79.103760	0.610000	1.000000
1.0503629159389960001647	0.5366205441532406750227	-78.764636	-78.987779	0.610000	1.000000
1.0650153888330546880781	0.6107155552786320829028	-80.474023	-80.697166	0.610000	1.000000
1.0856541409693560851224	0.5325989351835975771365	-78.956875	-79.180018	0.610000	1.000000
1.0587028103149331847987	0.5490287293820917957632	-78.852011	-79.075154	0.610000	1.000000
1.0483498569581966020081	0.5016602619772447813062	-79.146706	-79.369850	0.610000	1.000000
1.0431084272683506242174	0.5662348759429974842661	-79.122718	-79.345861	0.610000	1.000000
0.9888021849533927820630	0.5114870109393327979319	-79.703606	-79.926750	0.610000	1.000000
1.0309154449595323566058	0.5708341267584873257590	-79.277150	-79.500294	0.610000	1.000000
1.0628905027904929081473	0.5699824524614546250589	-79.206214	-79.429358	0.610000	1.000000
1.0642455662076513167591	0.6208566320383394065985	-80.883435	-81.106578	0.610000	1.000000
1.1073480117838641056949	0.5594133344602756352515	-79.470823	-79.693967	0.610000	1.000000
1.1099027928330782444277	0.5593452863783717754487	-79.515891	-79.739035	0.610000	1.000000
1.1327928802558659970856	0.5479193785532893157253	-79.915297	-80.138441	0.610000	1.000000
1.1326871479453277657967	0.5439497897611427212894	-79.894402	-80.117545	0.610000	1.000000
1.0660068203355954619127	0.5655569657006044304026	-79.126057	-79.349201	0.610000	1.000000
1.0256652796474610145339	0.5666314861436454464183	-79.227537	-79.450680	0.610000	1.000000
1.0273027946400754562006	0.5440249996991418646175	-78.905310	-79.128454	0.610000	1.000000
1.0497488176167808493489	0.5643219586692819200735	-79.073282	-79.296425	0.610000	1.000000
1.1478428708992656215315	0.5050372019578147630980	-80.854991	-81.078134	0.610000	1.000000
1.1039743594028073037094	0.5137973652344933750413	-79.406083	-79.629226	0.610000	1.000000
1.1030046512679096970544	0.5133101404993446470471	-79.395520	-79.618664	0.610000	1.000000
1.0579774816669293979743	0.5644542790676505550351	-79.080080	-79.303224	0.610000	1.000000
1.0582560541683045940431	0.5749129389950659030362	-79.308597	-79.531740	0.610000	1.000000
1.0644497216546708884266	0.6072568275231403633896	-80.339576	-80.562720	0.610000	1.000000
1.0201538846505004975995	0.4731724672809399789841	-80.529559	-80.752703	0.610000	1.000000
1.0012920146671135945837	0.4778388938101389427082	-80.615798	-80.838941	0.610000	1.000000
1.0882020840082602397558	0.5484225650758604020396	-79.054155	-79.277298	0.610000	1.000000
1.0882020840082602397558	0.5484225650758604020396	-79.054155	-79.277298	0.610000	1.000000
1.0863326979694996055059	0.4891033840344305438919	-79.788225	-80.011369	0.610000	1.000000
1.0865124384957856040756	0.4958515197273677954648	-79.548850	-79.771993	0.610000	1.000000
1.1078288426597129312512	0.5181536835468883994693	-79.417784	-79.640928	0.610000	1.000000
1.1266156869103496340756	0.5138501424437832421077	-79.946140	-80.169284	0.610000	1.000000
1.0108735096705199207889	0.5169330027769496460621	-79.175774	-79.398918	0.610000	1.000000
1.0131128910488609307095	0.5152719904549417639927	-79.165424	-79.388567	0.610000	1.000000
1.0273911733405183266399	0.5575941915091894296452	-79.055152	-79.278296	0.610000	1.000000
1.0131448848505659743324	0.5754305580913630091544	-79.546206	-79.769350	0.610000	1.000000
0.9606918643142369207411	0.5579101708910974011246	-80.306415	-80.529558	0.610000	1.000000
0.9380855678292457922041	0.5480462781923342019397	-81.003234	-81.226377	0.610000	1.000000
1.0697769541030777151747	0.5723280813752599227584	-79.288710	-79.511853	0.610000	1.000000
1.0688722964154835359807	0.5138088449635971333151	-78.950983	-79.174126	0.610000	1.000000
1.0641064167981164612087	0.5184933443889195858745	-78.864231	-79.087374	0.610000	1.000000
1.0504850443296431805607	0.5226308733689460916949	-78.799792	-79.022936	0.610000	1.000000
1.0503956282666577770613	0.5192738579054756442588	-78.830186	-79.053329	0.610000	1.000000
1.0730932038294531682965	0.5268265743359983321881	-78.852178	-79.075322	0.610000	1.000000
1.1228543415506133662518	0.5090876154962982180763	-79.940924	-80.164067	0.610000	1.000000
1.0355506882825964432016	0.5827809496465852223679	-79.550346	-79.773490	0.610000	1.000000
1.0004518570249112396908	0.5254422931953262043692	-79.265750	-79.488893	0.610000	1.000000
1.0550901567346813170190	0.5726593611126358229768	-79.250566	-79.473709	0.610000	1.000000
1.0181090631779490252029	0.5599148661998154530295	-79.178866	-79.402010	0.610000	1.000000
1.0166100343059509825139	0.5036356817282278131032	-79.344567	-79.567710	0.610000	1.000000
1.0166100343059509825139	0.5036356817282278131032	-79.344567	-79.567710	0.610000	1.000000
1.0531873390150239266916	0.5263309925084486140534	-78.776121	-78.999264	0.610000	1.000000
1.0702426183206501519862	0.5320979152816283086480	-78.817400	-79.040543	0.610000	1.000000
1.0163232487569218154277	0.5833870535503327126037	-79.715760	-79.938904	0.610000	1.000000
1.2341639391183862883850	0.6191739129673087260741	-85.111702	-85.334846	0.613889	1.000000
1.2617573134605222229254	0.5733563964552288449994	-85.944246	-86.167389	0.613889	1.000000
1.2307076314770373226537	0.5731216424541242249191	-84.110113	-84.333256	0.613889	1.000000
1.0562378315563138997391	0.5695636608347036666800	-79.181993	-79.405137	0.613889	1.000000
1.0360559151302215497026	0.5199728570552820672290	-78.870785	-79.093928	0.613889	1.000000
1.0379795745839113241260	0.5206232484857759024166	-78.853672	-79.076815	0.613889	1.000000
1.1070456719044046156597	0.5849555092812255274737	-80.010865	-80.234009	0.613889	1.000000
1.1067185006889477261183	0.5682404465823549521986	-79.611191	-79.834334	0.613889	1.000000
1.0082930175277782236520	0.5701669715100747826142	-79.489369	-79.712512	0.613889	1.000000
1.0077864745263349632864	0.5442878671488434738635	-79.135528	-79.358672	0.613889	1.000000
0.9853416234838764387050	0.5020534572636998760231	-80.020679	-80.243823	0.613889	1.000000
0.9863944079505729822799	0.5469244154027032012166	-79.548469	-79.771612	0.613889	1.000000
0.9798523925128435063669	0.5754949698409860259218	-80.107770	-80.330914	0.613889	1.000000
1.0457177374240926859272	0.5742057587061358825409	-79.292324	-79.515468	0.613889	1.000000
1.0885237023524425570287	0.5285622213724623374986	-79.002885	-79.226028	0.613889	1.000000
1.0493361930546081239868	0.5169422989074239360718	-78.857483	-79.080627	0.613889	1.000000
1.0613695296170115867085	0.5217212344221191511195	-78.822000	-79.045143	0.613889	1.000000
1.1197580873001404810907	0.5239728482096085437902	-79.620539	-79.843683	0.613889	1.000000
1.1091544170487588338858	0.5241803984741183475293	-79.378293	-79.601436	0.613889	1.000000
1.1202096494927433756317	0.5016485240606569639965	-80.062764	-80.285907	0.613889	1.000000
1.0172404863992503543102	0.5250253535384979963752	-79.004796	-79.227939	0.613889	1.000000
1.1355768162460961878679	0.4682557728805463725941	-82.180028	-82.403172	0.613889	1.000000
1.0366942193689561158010	0.4927887359115798449061	-79.460084	-79.683228	0.613889	1.000000
0.9894087388787987658034	0.4769815919404958304284	-80.959137	-81.182281	0.613889	1.000000
1.0642718485307274267626	0.4965067408866546960766	-79.318711	-79.541854	0.613889	1.000000
0.9437100065790966496593	0.4925373560901101788190	-81.845575	-82.068718	0.613889	1.000000
0.9377665832199537643277	0.5222696414210278303969	-81.202929	-81.426072	0.613889	1.000000
1.0054474870150666987456	0.5121719066562080424632	-79.340678	-79.563822	0.613889	1.000000
1.0280316614747986303513	0.5627868050700655100371	-79.135942	-79.359085	0.613889	1.000000
1.0223650330981703948652	0.5770640974433509651220	-79.490397	-79.713541	0.613889	1.000000
1.0367480346302722082896	0.5820199706859934263292	-79.523577	-79.746721	0.613889	1.000000
1.0281504028782189053004	0.4912973532500239937093	-79.583077	-79.806220	0.613889	1.000000
1.0281504028782189053004	0.4912973532500239937093	-79.583077	-79.806220	0.613889	1.000000
1.1089575252692858153836	0.5001398982675986371049	-79.827671	-80.050815	0.613889	1.000000
1.0996981530191498599436	0.5631367803606164290642	-79.405638	-79.628781	0.613889	1.000000
1.0996981530191498599436	0.5631367803606164290642	-79.405638	-79.628781	0.613889	1.000000
1.0573172177070606636562	0.5689659896012826401090	-79.170593	-79.393737	0.613889	1.000000
1.0426838499486996703070	0.5201561423466017908268	-78.837512	-79.060655	0.613889	1.000000
1.1611193632609155823587	0.5229667509365253375009	-80.965154	-81.188298	0.613889	1.000000
1.0813931839845496440944	0.5223543229348562855208	-78.957473	-79.180617	0.613889	1.000000
1.0813931839845496440944	0.5223543229348562855208	-78.957473	-79.180617	0.613889	1.000000
1.0474112766830683263208	0.5230194656337300296300	-78.800517	-79.023660	0.613889	1.000000
1.0146347998958005209857	0.6202661438082759381984	-81.023199	-81.246342	0.613889	1.000000
1.0120414881851336197371	0.4877747576666976447868	-79.935927	-80.159070	0.613889	1.000000
1.0607499793494989948073	0.5486216417824187896457	-78.852935	-79.076078	0.613889	1.000000
1.0013350556890745490790	0.5528480334705749843494	-79.312673	-79.535817	0.613889	1.000000
1.0281630218839843404766	0.5668905240658128619202	-79.213048	-79.436192	0.613889	1.000000
1.0281630218839843404766	0.5668905240658128619202	-79.213048	-79.436192	0.613889	1.000000
1.0194702909278741120858	0.5338169300249373527834	-78.947922	-79.171066	0.613889	1.000000
1.0527350703991027458528	0.5705096905110850213916	-79.200364	-79.423508	0.613889	1.000000
1.1318688445093627592541	0.5219335818654262659777	-79.969493	-80.192637	0.613889	1.000000
1.0236831149271032881387	0.4910475130203612592616	-79.640959	-79.864102	0.613889	1.000000
1.0953664137137146816769	0.4896444245357717273137	-79.912656	-80.135799	0.613889	1.000000
1.0551613840377791486702	0.5718687172408594143747	-79.232354	-79.455498	0.613889	1.000000
1.1151337974749906400973	0.5102193587843457667219	-79.717722	-79.940866	0.613889	1.000000
1.0131251656944091354973	0.5448937562830005187919	-79.064369	-79.287513	0.613889	1.000000
1.0140362702434178032718	0.5914417682792232344724	-79.976764	-80.199908	0.613889	1.000000
0.9958913379477605243295	0.5653768152030179683365	-79.588893	-79.812037	0.613889	1.000000
1.1321075628535224311122	0.4992618421825909535983	-80.488724	-80.711867	0.613889	1.000000
1.0722959989880713749244	0.5352685022962030414462	-78.831746	-79.054889	0.613889	1.000000
1.0392950388356789748201	0.5289211954760619782689	-78.795581	-79.018724	0.613889	1.000000
1.0444132701896091663940	0.5296683278126905758398	-78.774585	-78.997728	0.613889	1.000000
0.9711067587017765401214	0.5453648581761127989154	-79.916689	-80.139833	0.613889	1.000000
0.9854444434466796964855	0.5878583349200817709246	-80.302395	-80.525538	0.613889	1.000000
0.9917068628163554500077	0.5877357578532894644141	-80.183597	-80.406741	0.613889	1.000000
0.9551910727359619324162	0.5648404983993438044365	-80.557439	-80.780582	0.613889	1.000000
0.9571977767671457915100	0.6230263809686278353439	-82.120062	-82.343206	0.613889	1.000000
0.9917724883639038591099	0.6326494401214004525968	-81.841244	-82.064388	0.613889	1.000000
0.9912726794711629318968	0.6071143790129543971190	-80.817618	-81.040761	0.613889	1.000000
0.9608245163736345295646	0.5800158934345789329967	-80.674919	-80.898063	0.613889	1.000000
0.9954536180279781598657	0.5455977198340706824098	-79.353891	-79.577034	0.613889	1.000000
1.0996232363058924264010	0.6009245243395723301560	-80.398562	-80.621705	0.613889	1.000000
1.0862413247570619212468	0.6186409757020420174811	-80.922935	-81.146078	0.613889	1.000000
1.0078234728314083845646	0.5601579140246966126426	-79.311426	-79.534570	0.613889	1.000000
1.0771815802008848361737	0.5327442832090224511532	-78.869535	-79.092679	0.613889	1.000000
1.2354842103317651424987	0.5601281551336536601582	-84.349973	-84.573116	0.613889	1.000000
1.1002468919602499397570	0.5669881099217596309714	-79.483969	-79.707112	0.613889	1.000000
1.0096796995325909573893	0.5687608210961592192234	-79.441753	-79.664896	0.613889	1.000000
1.0093687851025308077624	0.5528763118639485885097	-79.189836	-79.412979	0.613889	1.000000
1.0066842066494210428118	0.5771869957299436970644	-79.670850	-79.893994	0.613889	1.000000
1.0131492005845141868292	0.5509146930276018760964	-79.117131	-79.340275	0.613889	1.000000
0.9840856427405744177861	0.5514835667265289842476	-79.635434	-79.858577	0.613889	1.000000
0.9692534259390777062748	0.5517738841776980152076	-80.006128	-80.229271	0.613889	1.000000
0.9238645261089177829206	0.5714553403106092943631	-81.743721	-81.966865	0.613889	1.000000
0.8690901674502696794278	0.5293865376924424825944	-84.747148	-84.970292	0.613889	1.000000
0.8697839825546801462153	0.5648333081409022682351	-84.297756	-84.520900	0.613889	1.000000
0.8709310011817745778018	0.6234340876803839970322	-85.202300	-85.425443	0.613889	1.000000
0.8622562487586251656069	0.6288661102539570002534	-85.775480	-85.998624	0.613889	1.000000
1.0212346897191648675829	0.5607467242537662599489	-79.160068	-79.383211	0.613889	1.000000
1.0938786880259143696748	0.5617673341819258148178	-79.300393	-79.523536	0.613889	1.000000
1.0938786880259143696748	0.5617673341819258148178	-79.300393	-79.523536	0.613889	1.000000
1.0892679405957261806748	0.5345634704775646950381	-79.000717	-79.223860	0.613889	1.000000
1.1101712386394337883644	0.5048731661552420257877	-79.724880	-79.948024	0.613889	1.000000
1.1101712386394337883644	0.5048731661552420257877	-79.724880	-79.948024	0.613889	1.000000
1.1123228892059315864316	0.5578696708325934228156	-79.540909	-79.764052	0.613889	1.000000
1.1409022426142425565843	0.6237961610490955211006	-82.001196	-82.224339	0.613889	1.000000
1.1133014546488555485126	0.5776845557669529895861	-79.931688	-80.154831	0.613889	1.000000
1.0247331688583474207377	0.4955053942716367010313	-79.474248	-79.697392	0.613889	1.000000
1.1063459107689996852031	0.4743258086588728050792	-80.886595	-81.109739	0.613889	1.000000
1.1083204992639510422237	0.5752068426199014039568	-79.786040	-80.009183	0.613889	1.000000
1.0579059947146627340686	0.5520481478969254673927	-78.884595	-79.107739	0.616842	1.000000
1.0140360853156511478090	0.5613962412286667147399	-79.249954	-79.473098	0.616842	1.000000
1.0132221520273196890827	0.5344335623350457975533	-79.026401	-79.249545	0.616842	1.000000
1.0151078893302840633339	0.5969012487000886491018	-80.140899	-80.364042	0.616842	1.000000
1.0131951998270354309284	0.5329521935045777869533	-79.027602	-79.250745	0.616842	1.000000
1.1245713371737877661616	0.5293215429145667894062	-79.699055	-79.922198	0.616842	1.000000
1.0183926291022677990128	0.5602434610851775298457	-79.181103	-79.404247	0.616842	1.000000
1.0658456635041761995097	0.5863997844290254057853	-79.640827	-79.863971	0.616842	1.000000
1.0162388045184689300271	0.5562750577553630115801	-79.145301	-79.368445	0.616842	1.000000
0.9963893288726607400108	0.5156357620202356439876	-79.458625	-79.681769	0.616842	1.000000
0.9977299531517346276033	0.5600458168390576307871	-79.468747	-79.691890	0.616842	1.000000
1.0209147066610935183917	0.5514138165886083298162	-79.032682	-79.255826	0.616842	1.000000
1.0848626351480379348402	0.5576492751409751758018	-79.128368	-79.351512	0.616842	1.000000
1.1162532194696652698696	0.5748518733122315316209	-79.922163	-80.145307	0.616842	1.000000
1.1298366122748557671684	0.4888841295810361642360	-80.813910	-81.037054	0.616842	1.000000
1.0534532591873992934950	0.5266044204322511967931	-78.774917	-78.998061	0.616842	1.000000
1.0330611583655484597699	0.5226564637150926673215	-78.866167	-79.089311	0.616842	1.000000
0.9983818769062096087907	0.5351599028292244319971	-79.267032	-79.490176	0.616842	1.000000
0.9974441208273461256795	0.5265707699424047039116	-79.315651	-79.538794	0.616842	1.000000
0.9652818086729738622509	0.5596112141907798598339	-80.194831	-80.417974	0.616842	1.000000
0.9940960121389476045195	0.5139562328409230662629	-79.535489	-79.758632	0.616842	1.000000
1.0567000844238807477637	0.5120663784010563990279	-78.929432	-79.152575	0.616842	1.000000
1.0996751267053224143666	0.5540384536749175525827	-79.271775	-79.494919	0.616842	1.000000
1.1256743392482171373103	0.5418192793915665994575	-79.705092	-79.928235	0.616842	1.000000
1.0322192791732625050116	0.5218882109812077452204	-78.878557	-79.101700	0.616842	1.000000
1.1214300515249138179286	0.5038450228046561507611	-80.033465	-80.256609	0.616842	1.000000
1.0865606622067971454015	0.5048976391571252664292	-79.296771	-79.519914	0.616842	1.000000
1.0884461815931474326646	0.5673581067294530821954	-79.336638	-79.559782	0.616842	1.000000
0.9917910304545813904298	0.5325420760968738731478	-79.403336	-79.626479	0.616842	1.000000
1.0680628972200922888192	0.5430112153302741884175	-78.836013	-79.059157	0.616842	1.000000
1.0569930097158883874897	0.5840830082224184316431	-79.549708	-79.772852	0.616842	1.000000
1.1110821517622664345026	0.5676930093819423372992	-79.677356	-79.900499	0.616842	1.000000
0.9842805350127235008983	0.5743815149522807361748	-79.989508	-80.212652	0.616842	1.000000
0.9858145067612195111550	0.5319734924652601559814	-79.538946	-79.762089	0.616842	1.000000
1.1546066700094916868125	0.5268780951933765832607	-80.661894	-80.885037	0.616842	1.000000
0.9899316329283978088682	0.6194482446011432275057	-81.310744	-81.533887	0.616842	1.000000
0.9649354508653930073692	0.5901710170050722403801	-80.821914	-81.045057	0.616842	1.000000
1.0480404971683141557293	0.5453519907874465610931	-78.813712	-79.036856	0.616842	1.000000
0.9945793334766144244696	0.5197534513654892274204	-79.439428	-79.662572	0.616842	1.000000
0.9787392753020845992395	0.5504179518369012313883	-79.750975	-79.974119	0.616842	1.000000
0.9785844724395923455162	0.5452898904428918891441	-79.721821	-79.944964	0.616842	1.000000
0.9731241396933630882771	0.5883940046651027211411	-80.576994	-80.800138	0.616842	1.000000
0.9126953872842691328771	0.5494606062355139597386	-82.073157	-82.296301	0.616842	1.000000
1.1486146348784560533574	0.5764359925654682914598	-80.739279	-80.962422	0.616842	1.000000
1.0723307452002310835582	0.5789069953453646055763	-79.464687	-79.687830	0.616842	1.000000
1.0881784154114242380018	0.5784285953177457084706	-79.585105	-79.808248	0.616842	1.000000
1.1058540786618342721681	0.5706135717974022414367	-79.644538	-79.867682	0.616842	1.000000
1.1137256687818788414290	0.5495367226565359697332	-79.476933	-79.700077	0.616842	1.000000
1.0702612081186373416131	0.4963464969806908322347	-79.360275	-79.583418	0.616842	1.000000
1.0775454078755986042637	0.5605025533132007575787	-79.105475	-79.328619	0.616842	1.000000
1.0563457579330435276432	0.6064968444832800065214	-80.292980	-80.516123	0.616842	1.000000
0.9053512193478613356845	0.6049229628122306801075	-83.179005	-83.402148	0.616842	1.000000
0.9140422401236810712177	0.5363364977197181415747	-82.081630	-82.304773	0.616842	1.000000
0.9410298049946804743726	0.4840172286479742513876	-82.392482	-82.615626	0.616842	1.000000
0.9004634711366116261999	0.5692222919444095419195	-82.725495	-82.948638	0.616842	1.000000
0.9009219065302884743573	0.5844086057251396404411	-82.906485	-83.129629	0.616842	1.000000
0.9207156703137057141006	0.5834306101156826462883	-82.067634	-82.290777	0.616842	1.000000
0.9245449163392803759720	0.5584757319569912947799	-81.582718	-81.805861	0.616842	1.000000
0.9241541157654995508608	0.5455299162085089914598	-81.567328	-81.790471	0.616842	1.000000
1.0586827807077039409478	0.5599041743540730253770	-78.999903	-79.223047	0.616842	1.000000
1.0407703097563480998389	0.5604449053564003468964	-79.023171	-79.246314	0.616842	1.000000
1.1202242871552183789419	0.5241697654945082218703	-79.630115	-79.853259	0.616842	1.000000
1.1199200663237720565490	0.5140920248385683066772	-79.761573	-79.984716	0.616842	1.000000
1.1151698317984433117545	0.5300831223951135706685	-79.468157	-79.691301	0.616842	1.000000
1.0494184417073981752111	0.5446038935482706566660	-78.806168	-79.029311	0.616842	1.000000
1.0816912117056429742945	0.5096447614370471779210	-79.135016	-79.358159	0.616842	1.000000
1.0949126137265403624355	0.5481912618639619427796	-79.139887	-79.363030	0.616842	1.000000
1.0534965044209796403152	0.5707648787929580080913	-79.206271	-79.429415	0.616842	1.000000
1.0950152470648426561439	0.5473757377175975102901	-79.134364	-79.357507	0.616842	1.000000
1.0072198891449610780313	0.5380618079679811982530	-79.117872	-79.341015	0.616842	1.000000
1.0273755846954659709525	0.6112934887670972150531	-80.557158	-80.780301	0.616842	1.000000
1.0024847895676871623039	0.5239543711488405808296	-79.240051	-79.463195	0.616842	1.000000
1.0074947063729939866761	0.5019698047637384252795	-79.532586	-79.755730	0.616842	1.000000
0.9197865429135583248410	0.5627127746597387902838	-81.811334	-82.034477	0.616842	1.000000
1.0452525991625321033496	0.6107168758050455226183	-80.458582	-80.681725	0.616842	1.000000
1.0321295085752111297950	0.5362094443397570353582	-78.833212	-79.056356	0.616842	1.000000
1.0305385427869215853036	0.4835064767927058082542	-79.877366	-80.100510	0.616842	1.000000
1.0788778576208810644488	0.4820472383530195470414	-79.996191	-80.219335	0.616842	1.000000
0.9417558521690465589415	0.5424639785629287169755	-80.862812	-81.085955	0.616842	1.000000
1.0137513754112101871385	0.5338610308641180690614	-79.019348	-79.242492	0.616842	1.000000
1.0154334540884628612645	0.5835867569443083935354	-79.730783	-79.953926	0.616842	1.000000
1.1202493603888799000856	0.5804226368054629103810	-80.131703	-80.354846	0.616842	1.000000
1.0362208750972337067964	0.5885957556714821459209	-79.716742	-79.939886	0.616842	1.000000
0.9947840370200329296324	0.5435687680676554167647	-79.355285	-79.578429	0.616842	1.000000
0.9947840370200329296324	0.5435687680676554167647	-79.355285	-79.578429	0.616842	1.000000
0.9290214091533428586445	0.6328218550888983218172	-83.287583	-83.510726	0.616842	1.000000
1.0397073650414814238729	0.5397680419542668639465	-78.801955	-79.025099	0.616842	1.000000
1.0802638213579058845681	0.6026534500584215248153	-80.257516	-80.480660	0.616842	1.000000
1.0782807077285845309689	0.5438535418297034684798	-78.914151	-79.137295	0.616842	1.000000
1.0506000195130194008186	0.5934142283369071568799	-79.832216	-80.055360	0.616842	1.000000
1.0007976953084438687114	0.5674159902632721630411	-79.544372	-79.767516	0.616842	1.000000
1.1050812787472790166277	0.6512255216786910771987	-82.612185	-82.835329	0.616842	1.000000
1.0641674447791351632020	0.5786152000186082222655	-79.417993	-79.641137	0.616842	1.000000
1.0635144904363293960614	0.5569851739100073473310	-78.967392	-79.190536	0.616842	1.000000
1.0562813851780394891477	0.5585534010386454806252	-78.973806	-79.196950	0.616842	1.000000
1.0204327674701263450885	0.5596355777544034237891	-79.149964	-79.373108	0.616842	1.000000
1.0186922425674307390864	0.5728207058415886177016	-79.424263	-79.647406	0.616842	1.000000
1.1123093706901321375824	0.5497094190884639353101	-79.449904	-79.673048	0.616842	1.000000
1.0886169340957854156926	0.5047174336507049829947	-79.329602	-79.552746	0.616842	1.000000
1.0356577195638156929647	0.4933046860326624205584	-79.449133	-79.672277	0.616842	1.000000
1.0644085370716465099861	0.5749156815643543527727	-79.325643	-79.548787	0.620600	1.000000
1.0048022758413557298240	0.5910803012047785021110	-80.078673	-80.301817	0.620600	1.000000
1.0616004016467071036089	0.5591542031102204601822	-78.994943	-79.218087	0.620600	1.000000
1.0105034676426674078442	0.5158349952820747708060	-79.196872	-79.420015	0.620600	1.000000
1.0943076733942938005839	0.5419002520324890381787	-79.088117	-79.311260	0.620600	1.000000
1.0434938936074484860939	0.5385996031776025816384	-78.783333	-79.006477	0.620600	1.000000
1.0069365197692807800678	0.5285319121068929870688	-79.133859	-79.357002	0.620600	1.000000
1.0492876392519387973579	0.4958470986688504056339	-79.311443	-79.534587	0.620600	1.000000
1.0517512206741106428609	0.5464430825740619335207	-78.820110	-79.043253	0.620600	1.000000
1.0492366216938437961659	0.4947993218326466879908	-79.344978	-79.568121	0.620600	1.000000
1.0539342483287446050610	0.5379791274228099551280	-78.768525	-78.991669	0.620600	1.000000
1.0516739540577781930608	0.4915581682754397996327	-79.453849	-79.676992	0.620600	1.000000
1.0428862290053479977558	0.4919860535444144922224	-79.456522	-79.679666	0.620600	1.000000
1.1657888375821017223899	0.5331966970379146131265	-81.028409	-81.251553	0.620600	1.000000
1.1540166383535641614344	0.5145924175304732450797	-80.844028	-81.067171	0.620600	1.000000
1.1119800569666964396021	0.5188600403449185050064	-79.497422	-79.720565	0.620600	1.000000
1.0498578900645452183227	0.5218848459613466550522	-78.806237	-79.029380	0.620600	1.000000
1.0283819245589607138669	0.4778571602374471205543	-80.171443	-80.394587	0.620600	1.000000
1.0799521740913151646168	0.5092410258235114950409	-79.123614	-79.346758	0.620600	1.000000
0.9674046389898738329549	0.4819995030277409719943	-81.393214	-81.616358	0.620600	1.000000
1.0140568865967918288362	0.4744607469890408935065	-80.551142	-80.774285	0.620600	1.000000
1.0390714967977923155473	0.4975787043887952010301	-79.291671	-79.514815	0.620600	1.000000
1.0587076839205125100563	0.4778396983812131515457	-80.057256	-80.280400	0.620600	1.000000
1.0361590242104525838585	0.5255350688278563886513	-78.826724	-79.049867	0.620600	1.000000
1.0544795146077206027257	0.5246430213508799234035	-78.786217	-79.009361	0.620600	1.000000
1.0865704124078063852465	0.5777420057099438288617	-79.550846	-79.773989	0.620600	1.000000
1.0825515166241304054751	0.4952036391848640972668	-79.517829	-79.740973	0.620600	1.000000
1.0970902894994618570479	0.4933271206617294568630	-79.805892	-80.029035	0.620600	1.000000
0.9947011367089112487960	0.5936855276188371943746	-80.309859	-80.533002	0.620600	1.000000
1.0966203527058022704210	0.5846795006912118841669	-79.851963	-80.075107	0.620600	1.000000
1.1254220513394661562501	0.5832771101415229475506	-80.311187	-80.534331	0.620600	1.000000
1.0772481355275653758241	0.4892379069541669123211	-79.670664	-79.893808	0.620600	1.000000
1.0776979579354091232091	0.4984761676029284549472	-79.361281	-79.584425	0.620600	1.000000
1.0265149595750675537431	0.5226570240363020980467	-78.919895	-79.143038	0.620600	1.000000
1.1011024090720731294368	0.5188483793976774727241	-79.278042	-79.501186	0.620600	1.000000
1.1025570905612951388974	0.5487240070321014462351	-79.262793	-79.485937	0.620600	1.000000
1.0656835550080459018574	0.5512296098165579971706	-78.899320	-79.122464	0.620600	1.000000
0.9806671944918425865012	0.5449367220128144007063	-79.669263	-79.892406	0.620600	1.000000
1.0585346239011090840876	0.5323601523390288914328	-78.766877	-78.990021	0.620600	1.000000
1.0205847458984729225762	0.5374914370034203914273	-78.939545	-79.162689	0.620600	1.000000
1.0114811033513089189029	0.5379347046883674599016	-79.054492	-79.277636	0.620600	1.000000
1.0366883738695666927754	0.5368542087890090241942	-78.806434	-79.029577	0.620600	1.000000
1.0519430963090810049465	0.5527656251907215878560	-78.888220	-79.111364	0.620600	1.000000
1.0525477140800960640377	0.5651830069487466801093	-79.088977	-79.312121	0.620600	1.000000
1.0169822215145063459829	0.5651122168637849885187	-79.281879	-79.505023	0.620600	1.000000
0.9908833539869875695061	0.4828391916402824390886	-80.613526	-80.836669	0.620600	1.000000
0.9909783744679456773952	0.4847906817278240798608	-80.518264	-80.741407	0.620600	1.000000
0.9566699605244167736728	0.5304880968310774491670	-80.383781	-80.606924	0.620600	1.000000
0.9470376639714833677530	0.5474493133918676424088	-80.674679	-80.897823	0.620600	1.000000
1.0739320899618625126948	0.5097015931172110825287	-79.057470	-79.280613	0.620600	1.000000
1.0516497785637164419370	0.5313911564953439636838	-78.760693	-78.983836	0.620600	1.000000
1.0259599753159607260500	0.5797163830979162879586	-79.528223	-79.751367	0.620600	1.000000
1.0431090461347043429896	0.5607975373076110603421	-79.021538	-79.244682	0.620600	1.000000
1.1030325656581432269832	0.5048277526789354263670	-79.573675	-79.796819	0.620600	1.000000
1.0184055786950232391774	0.5838114130638255572237	-79.706244	-79.929387	0.620600	1.000000
1.0191528062923662645289	0.5991576545756531757547	-80.177440	-80.400583	0.620600	1.000000
1.1095703944088424197645	0.5845505250340529146413	-80.041221	-80.264365	0.620600	1.000000
1.1864289557566520816323	0.6243255834066153697748	-83.324221	-83.547364	0.620600	1.000000
1.1613888682765323157042	0.6255448164279783229702	-82.589604	-82.812748	0.620600	1.000000
1.1266746890995540386626	0.5373532599670726161989	-79.726199	-79.949342	0.620600	1.000000
1.1275266318352610284137	0.4768725824349345776554	-81.345283	-81.568427	0.620600	1.000000
1.1104728852123959548237	0.5569626792487313293734	-79.493597	-79.716741	0.620600	1.000000
1.1109046250649579068437	0.5302113526859930647817	-79.375262	-79.598406	0.620600	1.000000
1.0015007841044392122853	0.5497562741360686455749	-79.278182	-79.501326	0.620600	1.000000
0.9982685630907349727536	0.4833742983200227660845	-80.405478	-80.628622	0.620600	1.000000
0.9992998268413560980505	0.5045539531342951855564	-79.623039	-79.846182	0.620600	1.000000
1.0393482832040998875556	0.5821623556213910699597	-79.516641	-79.739785	0.620600	1.000000
1.1189555053136179818551	0.4894699927105513603820	-80.460591	-80.683735	0.620600	1.000000
1.1189555053136179818551	0.4894699927105513603820	-80.460591	-80.683735	0.620600	1.000000
1.1233340443859509694136	0.5793945596188383451164	-80.170597	-80.393741	0.620600	1.000000
1.0252515522891330057575	0.5942491944838538264761	-79.962055	-80.185199	0.620600	1.000000
1.0640340779106665092257	0.5853830567543286678145	-79.604309	-79.827453	0.620600	1.000000
1.1183843963579094271665	0.5391226200784240418784	-79.525621	-79.748765	0.620600	1.000000
1.1214089473753197090389	0.6012395581346009487689	-80.760815	-80.983959	0.620600	1.000000
0.9663721152898190336344	0.5065356772926088435582	-80.465208	-80.688352	0.620600	1.000000
1.0905633852533367367243	0.4646662055189713091963	-81.171289	-81.394433	0.620600	1.000000
1.0602848160473641314638	0.5574063204099506396716	-78.963694	-79.186837	0.620600	1.000000
1.0944538715214422452959	0.5658966723782263841258	-79.381659	-79.604803	0.620600	1.000000
1.0771804738724000127803	0.5667377356062029969408	-79.217026	-79.440169	0.620600	1.000000
0.9804065969818308579065	0.5885539806839370502445	-80.422770	-80.645914	0.620600	1.000000
1.0811685212902337749341	0.6169168490331888854428	-80.810512	-81.033655	0.620600	1.000000
1.0565616410973146521712	0.5742754449834862606750	-79.290480	-79.513624	0.620600	1.000000
1.0852587481740891828252	0.5709854651458082797078	-79.378469	-79.601613	0.620600	1.000000
1.0607573152375286973381	0.6003924047423625509623	-80.078617	-80.301760	0.620600	1.000000
0.9598474001334740268732	0.5696085728648748736092	-80.495126	-80.718269	0.620600	1.000000
1.0013737568834857327715	0.5029820277929233363068	-79.621308	-79.844451	0.620600	1.000000
1.0188349001743028932054	0.5223065178102297423379	-79.005951	-79.229095	0.620600	1.000000
1.0501283701488266508761	0.5695834403289111724789	-79.180592	-79.403735	0.620600	1.000000
1.0657212081430913475089	0.5138502116458248947239	-78.932356	-79.155500	0.620600	1.000000
1.0656269252855732343477	0.5119138705537074063301	-78.962436	-79.185579	0.620600	1.000000
1.0996433922990818121690	0.5552915947039548383302	-79.286885	-79.510029	0.620600	1.000000
1.0949457825781960806921	0.5281378541041985563709	-79.095705	-79.318849	0.620600	1.000000
1.0916190249466894979236	0.4598143255756135250323	-81.544296	-81.767439	0.620600	1.000000
1.0960193549496319853631	0.5501864253173932572949	-79.174522	-79.397665	0.620600	1.000000
1.0562290161051279824278	0.5521238664341207025288	-78.882850	-79.105994	0.620600	1.000000
1.0830448714550418021219	0.5385576532222585699472	-78.933981	-79.157125	0.620600	1.000000
1.0934890662853486986705	0.5699473773338634696728	-79.450162	-79.673305	0.620600	1.000000
1.0557741005668213052360	0.5268861404676560278304	-78.775635	-78.998778	0.620600	1.000000
1.0803789003161925474927	0.5579568909238795670902	-79.089163	-79.312307	0.620600	1.000000
1.0683722822036199051610	0.5178758848000557524216	-78.893550	-79.116694	0.620600	1.000000
1.0795386876157895272854	0.5242164643647501121038	-78.923870	-79.147014	0.620143	1.000000
0.9861694173532233875790	0.5633424104314626035261	-79.741036	-79.964179	0.620143	1.000000
0.9866673203022096050319	0.5652834618489614992853	-79.763110	-79.986253	0.620143	1.000000
1.0078379555230119191123	0.5438991579777830986941	-79.132365	-79.355509	0.620143	1.000000
1.0071847487998579762092	0.5279589095486382221978	-79.132623	-79.355767	0.620143	1.000000
1.0654166914919407371798	0.5145172239967417127104	-78.921027	-79.144171	0.620143	1.000000
1.1355243541652819683208	0.5672047528502595081790	-80.208287	-80.431431	0.620143	1.000000
1.0706203477241915678064	0.5305910792060286595984	-78.822012	-79.045156	0.620143	1.000000
1.1359653268932712322226	0.5572206551005466357296	-80.080000	-80.303144	0.620143	1.000000
1.1479504214851947718756	0.5341366781819854026025	-80.366448	-80.589591	0.620143	1.000000
1.0694570666187379615053	0.5373532144454939984968	-78.817536	-79.040679	0.620143	1.000000
0.9541235392121137914856	0.5301923926711183954197	-80.473865	-80.697008	0.620143	1.000000
0.9873952131415499877676	0.4982435667990602334854	-80.083419	-80.306563	0.620143	1.000000
1.0567301866719478464773	0.4954023268358893061780	-79.327939	-79.551083	0.620143	1.000000
1.0035835681897196103307	0.5816935774225296951201	-79.828681	-80.051825	0.620143	1.000000
0.9592629627006368231434	0.5336975148152127701451	-80.276322	-80.499465	0.620143	1.000000
1.0332915447369046546555	0.5048541735780818218160	-79.136538	-79.359682	0.620143	1.000000
1.0374251705493915398648	0.5125477034937360176770	-78.959425	-79.182568	0.620143	1.000000
1.0240057473272030641454	0.5301828875658938233784	-78.904096	-79.127239	0.620143	1.000000
1.0911675082576393069900	0.5037061734844542337797	-79.392140	-79.615284	0.620143	1.000000
1.0279599994278156849248	0.5119863249291136675367	-79.039071	-79.262215	0.620143	1.000000
1.0698761651239947489955	0.5446057962736956525873	-78.857480	-79.080623	0.620143	1.000000
1.1006720473473845522960	0.5155163666040090131304	-79.316109	-79.539253	0.620143	1.000000
1.1046950516953208953908	0.4653677596675231953327	-81.419250	-81.642394	0.620143	1.000000
1.1055281223684121361117	0.4721267145472470838641	-80.997924	-81.221068	0.620143	1.000000
1.0687862823450917648671	0.4736323383165981226739	-80.335285	-80.558428	0.620143	1.000000
1.0702813562540500758047	0.5101167293737786101460	-79.021846	-79.244989	0.620143	1.000000
1.0201201400774280170225	0.5121722584198781236253	-79.120144	-79.343287	0.620143	1.000000
1.0420723159029776638818	0.5888413938722949492188	-79.702181	-79.925325	0.620143	1.000000
1.0247632475161447818124	0.5311375237711650765249	-78.894481	-79.117624	0.620143	1.000000
1.0280372754405824320401	0.6110338515791534641508	-80.542722	-80.765865	0.620143	1.000000
1.0238544639919833212360	0.5089604171524440001662	-79.135736	-79.358879	0.620143	1.000000
1.0457202204402196166200	0.5080643922766509001931	-79.006124	-79.229268	0.620143	1.000000
1.0500752258593286647681	0.6143398879661020606235	-80.596201	-80.819345	0.620143	1.000000
0.9767668967096764243152	0.5582311522315501761682	-79.879271	-80.102414	0.620143	1.000000
1.0071571980583797767395	0.5052460533055779245970	-79.455046	-79.678190	0.620143	1.000000
1.0081912912567729811997	0.5305211909104187162356	-79.106168	-79.329311	0.620143	1.000000
0.9938513439405968208362	0.5805488638602294138025	-79.953294	-80.176437	0.620143	1.000000
1.0298683207318135579555	0.5616435438219318232456	-79.102235	-79.325379	0.620143	1.000000
1.0021955575766867685417	0.5627775308498960127324	-79.438388	-79.661532	0.620143	1.000000
1.0020818785641854020696	0.5600034141174454749290	-79.395523	-79.618667	0.620143	1.000000
1.0437340225547224736857	0.5443894910954986121610	-78.815339	-79.038483	0.620143	1.000000
1.1386218157849279375426	0.5557233464392004052002	-80.137125	-80.360268	0.620143	1.000000
1.0567265453442178380072	0.5245113641859802111611	-78.789808	-79.012951	0.620143	1.000000
1.0567903644114993166880	0.5260687452583485690383	-78.781047	-79.004191	0.620143	1.000000
1.0971568879610202884578	0.5244145875650035870663	-79.154006	-79.377150	0.620143	1.000000
1.1492417063355988560147	0.5537326617676392448431	-80.436035	-80.659179	0.620143	1.000000
1.0222200827221357144481	0.6360877106020721427626	-81.655359	-81.878502	0.620143	1.000000
0.9104713135546541602494	0.5833062593798802319967	-82.476534	-82.699678	0.620143	1.000000
0.9087893638483196534494	0.5422615254327994849248	-82.286224	-82.509368	0.620143	1.000000
0.9864542209344060452736	0.4993004869154151204036	-80.074342	-80.297485	0.620143	1.000000
0.9564554451074968044466	0.5481338954185333012248	-80.361793	-80.584936	0.620143	1.000000
1.1509109571606956912149	0.5378187587344599451811	-80.451466	-80.674609	0.620143	1.000000
1.2093152323267897241266	0.5209376455804416439221	-83.360994	-83.584137	0.620143	1.000000
1.0681201290131896453062	0.5267236025039381264179	-78.819703	-79.042847	0.620143	1.000000
1.0681063715242657963245	0.5263878775589378999911	-78.821269	-79.044412	0.620143	1.000000
1.0042006397530869321599	0.4799312125614846324950	-80.443934	-80.667078	0.620143	1.000000
1.0599450342999552354684	0.4896237925890831732545	-79.537501	-79.760644	0.620143	1.000000
1.1077025314242558984290	0.5003659641725420881286	-79.792836	-80.015980	0.620143	1.000000
1.1472013816580730605210	0.5559821733827052803179	-80.391482	-80.614625	0.620143	1.000000
1.1468139926124301108956	0.5465286919542499122215	-80.319004	-80.542147	0.620143	1.000000
1.1700366884984492177324	0.5073917320335727954017	-81.707823	-81.930966	0.620143	1.000000
1.1234195691690673779561	0.5619607731571538700166	-79.831589	-80.054732	0.620143	1.000000
1.1332306321156833117669	0.5620614482115269261442	-80.069483	-80.292626	0.620143	1.000000
1.0268169643214233310857	0.5464684273012709869732	-78.928263	-79.151406	0.620143	1.000000
1.0657903031262665471957	0.5602447116088082879060	-79.028322	-79.251465	0.620143	1.000000
1.0750094389834792263372	0.5459357739936525621971	-78.902867	-79.126010	0.620143	1.000000
1.0657051226123568365978	0.5850742114112766900647	-79.601522	-79.824666	0.620143	1.000000
1.1299807095518694666225	0.6335687445285548280438	-82.180575	-82.403719	0.620143	1.000000
1.1184121916597220547374	0.5749982387552636797778	-79.967945	-80.191088	0.620143	1.000000
1.0148633738111016988626	0.5339767548656185747191	-79.004523	-79.227667	0.620143	1.000000
1.1234037532081313504051	0.5295289380156507075270	-79.667894	-79.891038	0.620143	1.000000
0.9341254647764241081376	0.5835982595827705621261	-81.579599	-81.802742	0.620143	1.000000
1.0331242043712103306774	0.6355906541245349705704	-81.566071	-81.789214	0.620143	1.000000
1.0360751159562366918720	0.6412734771742437667186	-81.822184	-82.045328	0.620143	1.000000
1.0388534221208467478448	0.6546096715427203172055	-82.476254	-82.699397	0.620143	1.000000
0.9972642850346340459566	0.6362620661946813971355	-81.925257	-82.148401	0.620143	1.000000
1.0494131323162505520230	0.6341250871005036371386	-81.453864	-81.677007	0.620143	1.000000
0.9894360403901757416989	0.5832314937123574960509	-80.101389	-80.324533	0.620143	1.000000
1.0597393489613005090888	0.5738023345699699850897	-79.284873	-79.508016	0.620143	1.000000
1.0180183062139558369807	0.5654265424332526324136	-79.276570	-79.499714	0.620143	1.000000
1.0135504799275825149607	0.5541004048977626883499	-79.149028	-79.372171	0.620143	1.000000
1.1227886429664049039445	0.5541371573014798324053	-79.717236	-79.940380	0.620143	1.000000
1.1219349240364198116993	0.5333037957480080137884	-79.614326	-79.837469	0.620143	1.000000
1.1259989630458433484961	0.5367681927796593699398	-79.709294	-79.932437	0.620143	1.000000
1.1476674994482791714034	0.5722777663959436322827	-80.631592	-80.854736	0.620143	1.000000
1.0740636140486581329156	0.4646176644415803691501	-80.944572	-81.167716	0.620143	1.000000
0.9947446495370598773533	0.5961786387533630771074	-80.387860	-80.611004	0.620143	1.000000
1.0251162084673957064496	0.5945591502113808379804	-79.973190	-80.196333	0.620143	1.000000
1.0600704920384511620313	0.6104048712132323917245	-80.448235	-80.671378	0.620143	1.000000
1.0446974742802639379846	0.6241298775919457142436	-81.012115	-81.235259	0.620143	1.000000
1.1100303260083927980872	0.5938965094740508154914	-80.321506	-80.544649	0.620143	1.000000
1.0420104858911467538007	0.5439270243048544006825	-78.817370	-79.040514	0.620143	1.000000
1.0419784855905833698131	0.5155571930149593917747	-78.893395	-79.116539	0.620143	1.000000
1.0308858577295827441134	0.5947798125805461300075	-79.940919	-80.164062	0.620143	1.000000
1.0677094789172962840951	0.5311296527293710711959	-78.803550	-79.026694	0.620143	1.000000
1.0682487587221893843292	0.5442897347648268935316	-78.845881	-79.069025	0.620143	1.000000
1.0675415449987877281046	0.5270315498075606175377	-78.815015	-79.038159	0.620143	1.000000
1.0690240089237479370610	0.5632082185610743918502	-79.095963	-79.319107	0.620143	1.000000
1.0774048312921071790527	0.6355228630479760054683	-81.596403	-81.819547	0.620143	1.000000
1.0793032024045385863786	0.5567751952658945846508	-79.062033	-79.285177	0.619864	1.000000
1.1177532931444564834322	0.5376416621280588614695	-79.509993	-79.733137	0.619864	1.000000
1.1203876241599013408035	0.5375206640355338905124	-79.570912	-79.794055	0.619864	1.000000
1.0362688357644038728012	0.5649243021419110277748	-79.123737	-79.346880	0.619864	1.000000
1.0278160675085692421504	0.5775655387231600768061	-79.458653	-79.681797	0.619864	1.000000
1.0050105666061102116515	0.5200590133069873388649	-79.233536	-79.456680	0.619864	1.000000
1.0271055026751949590391	0.4641692998699710748234	-81.010883	-81.234027	0.619864	1.000000
1.0277983318648840072029	0.4792533510704189980700	-80.106597	-80.329741	0.619864	1.000000
1.1309295662524914138913	0.5276157950291642251273	-79.883283	-80.106427	0.619864	1.000000
0.9946433233581485344743	0.5128465719313881621133	-79.543096	-79.766240	0.619864	1.000000
1.0889753379687128198583	0.5533672754039223873335	-79.116640	-79.339784	0.619864	1.000000
1.0515445801783320778355	0.5426792125636820118828	-78.791290	-79.014434	0.619864	1.000000
1.0431493173474197799777	0.5539877678607785238540	-78.917498	-79.140642	0.619864	1.000000
1.0208689476157331021966	0.5390645021988568208471	-78.941089	-79.164232	0.619864	1.000000
1.0537000273953467388566	0.5436037534869828657946	-78.797847	-79.020991	0.619864	1.000000
1.0401267847945026012724	0.5367087477517101801183	-78.789607	-79.012750	0.619864	1.000000
1.0375247659538204825225	0.5094991328847127132207	-79.011942	-79.235086	0.619864	1.000000
1.0646538909816849471923	0.5550895903840448175615	-78.944339	-79.167483	0.619864	1.000000
1.0666611280252398241686	0.5987905007772711396541	-80.041610	-80.264753	0.619864	1.000000
1.0654831403469713357879	0.5786043508178829730682	-79.422668	-79.645812	0.619864	1.000000
0.9769532319505830342266	0.6157198957952914053493	-81.398378	-81.621521	0.619864	1.000000
1.0382746446324913058845	0.5953051175814597639757	-79.921480	-80.144623	0.619864	1.000000
1.0634002968502092034697	0.5414827884966020299373	-78.805288	-79.028432	0.619864	1.000000
1.0557530946752120559751	0.5418340339820413298355	-78.788114	-79.011257	0.619864	1.000000
0.9588657855259928863845	0.5376832878151985850579	-80.273974	-80.497118	0.619864	1.000000
0.9445644183482370115357	0.5508689898390430883524	-80.774519	-80.997662	0.619864	1.000000
1.0716867672025782720624	0.5450301026079047428397	-78.872041	-79.095184	0.619864	1.000000
1.0921156792967781079540	0.5399179808872869301695	-79.048957	-79.272100	0.619864	1.000000
1.1196919536929497152045	0.5490753363292414368502	-79.600734	-79.823878	0.619864	1.000000
1.1196919536929497152045	0.5490753363292414368502	-79.600734	-79.823878	0.619864	1.000000
1.0994956084189535516771	0.5319825923405286927093	-79.155088	-79.378232	0.619864	1.000000
1.1587364857980844146113	0.5040199493702917088456	-81.319139	-81.542283	0.619864	1.000000
1.0769815769222830237339	0.5117364668654517112500	-79.048186	-79.271330	0.619864	1.000000
1.0753249457593589966109	0.5226707265502077426333	-78.896730	-79.119873	0.619864	1.000000
1.1106691201828633452919	0.5744708066654473643808	-79.810094	-80.033238	0.619864	1.000000
1.0351128744064346243192	0.5253887938160871629023	-78.833843	-79.056986	0.619864	1.000000
1.0443619111557691514491	0.5577423705104688211875	-78.968284	-79.191428	0.619864	1.000000
1.0144041444452274181032	0.5555219525518874101877	-79.156898	-79.380042	0.619864	1.000000
1.0678745248798215961017	0.5938618929996329898202	-79.881239	-80.104383	0.619864	1.000000
1.0649242873232405148798	0.5296302829300273407043	-78.792657	-79.015800	0.619864	1.000000
1.0573371444114529893454	0.5266243496595478523759	-78.779284	-79.002428	0.619864	1.000000
1.0951433016969183142919	0.5646072881751790228932	-79.366906	-79.590050	0.619864	1.000000
1.0544162722258600961567	0.5664779311776398929013	-79.115454	-79.338597	0.619864	1.000000
1.0765956150620072939716	0.5360737779616416842643	-78.866261	-79.089405	0.619864	1.000000
1.0810370184249813441113	0.4976367047928979547855	-79.422868	-79.646012	0.619864	1.000000
1.0591676611727580681332	0.4986411915095453895042	-79.235554	-79.458698	0.619864	1.000000
1.0591676611727580681332	0.4986411915095453895042	-79.235554	-79.458698	0.619864	1.000000
1.0591676611727580681332	0.4986411915095453895042	-79.235554	-79.458698	0.619864	1.000000
1.0615429522716641752567	0.5503552547809614781116	-78.873774	-79.096917	0.619864	1.000000
1.0285494012642664163337	0.5102597603995535635590	-79.064037	-79.287180	0.619864	1.000000
0.9341096135968763869428	0.6079966920122706897089	-82.233879	-82.457023	0.619864	1.000000
0.9342730760068472806168	0.6115555423004007673526	-82.344428	-82.567572	0.619864	1.000000
0.9662440349386307580914	0.5965783274316109885405	-80.975007	-81.198150	0.619864	1.000000
1.1087125217985329683756	0.4864273792985637778763	-80.326141	-80.549285	0.619864	1.000000
1.0819208139394531631439	0.5373295860686947422735	-78.918825	-79.141968	0.619864	1.000000
1.1519511626438962981211	0.4746940707084422172990	-82.422397	-82.645540	0.619864	1.000000
0.9657277453832359137564	0.6253717793142807845896	-82.015136	-82.238280	0.619864	1.000000
1.1170339108895379620634	0.5365448060293754872774	-79.493695	-79.716838	0.619864	1.000000
1.1597700203484437864176	0.5552732258419069699684	-80.797897	-81.021040	0.619864	1.000000
1.1597700203484437864176	0.5552732258419069699684	-80.797897	-81.021040	0.619864	1.000000
1.0202053201447927044399	0.5783103364065785845227	-79.541831	-79.764974	0.619864	1.000000
1.1182521459755951909187	0.5738069240282163141487	-79.938709	-80.161852	0.619864	1.000000
1.0301946917318949292763	0.5238232640835072118080	-78.878916	-79.102059	0.619864	1.000000
1.0701416025927916741978	0.5007267071351819698322	-79.232309	-79.455453	0.619864	1.000000
1.0701416025927916741978	0.5007267071351819698322	-79.232309	-79.455453	0.619864	1.000000
1.0988715315311461395709	0.5529745624117169411349	-79.246886	-79.470030	0.619864	1.000000
1.0156804100267857737805	0.5141465058081379213561	-79.145833	-79.368977	0.619864	1.000000
1.0408029477575140298029	0.5312350505474000561534	-78.783886	-79.007029	0.619864	1.000000
1.1309864249498311483677	0.5773293627446810516446	-80.294334	-80.517477	0.619864	1.000000
1.1467768622831477909330	0.5692851195689817567214	-80.553150	-80.776294	0.619864	1.000000
1.0443447113888792987524	0.5984367387276480210190	-80.008892	-80.232036	0.619864	1.000000
1.0431191843230029903111	0.5138404317445433022726	-78.913584	-79.136728	0.619864	1.000000
1.1584466905705037564900	0.5720291027713669818056	-80.959276	-81.182420	0.619864	1.000000
1.1169081819202388849988	0.5217866675327245129523	-79.574754	-79.797897	0.619864	1.000000
1.0671068091287241319520	0.5019523563002652455367	-79.180304	-79.403448	0.619864	1.000000
1.0671068091287241319520	0.5019523563002652455367	-79.180304	-79.403448	0.619864	1.000000
1.0665322718456857753466	0.4894437179188422804010	-79.574669	-79.797812	0.619864	1.000000
1.0475411384391588587306	0.4997475183086549366251	-79.199089	-79.422233	0.619864	1.000000
1.1143893801692263956227	0.5178599808566779483243	-79.565869	-79.789012	0.619864	1.000000
1.1066420804214651685271	0.5468870437934805206481	-79.319379	-79.542523	0.619864	1.000000
1.1061497792846246568388	0.5361688239715477477532	-79.269037	-79.492181	0.619864	1.000000
1.0439383935240180711901	0.5886116670471490674998	-79.690205	-79.913349	0.619864	1.000000
1.0443871871419359020905	0.5885910533993625737281	-79.688534	-79.911677	0.619864	1.000000
1.0607692248093625320138	0.6126940924243232666768	-80.539614	-80.762758	0.619864	1.000000
1.0259263676991794422833	0.5535582080514124259096	-79.011155	-79.234299	0.619864	1.000000
1.0455865626977109972273	0.5631310733946407465211	-79.056894	-79.280037	0.619864	1.000000
1.0422718196914162458455	0.4909635695316598713589	-79.495753	-79.718897	0.619864	1.000000
1.0558022760534240269692	0.5198880367811843372650	-78.825747	-79.048890	0.619864	1.000000
1.0573376707695938403475	0.4660765736356295985132	-80.742122	-80.965265	0.619864	1.000000
1.0765462507346206244563	0.5135731810726318347093	-79.014199	-79.237342	0.619864	1.000000
1.1482922456694439894420	0.5467598091953996819470	-80.366958	-80.590101	0.619864	1.000000
0.9605430460814267101810	0.5176872513359923599907	-80.414734	-80.637878	0.619864	1.000000
0.9832350519330459448497	0.5166449793483361974111	-79.750809	-79.973953	0.619864	1.000000
1.0001569314705180957503	0.5229921228563438884152	-79.291819	-79.514963	0.619864	1.000000
1.0907129686714354122046	0.5593716064493365891508	-79.221292	-79.444436	0.619864	1.000000
1.0659730794022115318853	0.5165710055385249743765	-78.896036	-79.119180	0.619864	1.000000
1.0659730794022115318853	0.5165710055385249743765	-78.896036	-79.119180	0.619864	1.000000
1.0816575218949231462773	0.4933599432672254314625	-79.569090	-79.792233	0.619864	1.000000
1.0241638262524255242880	0.5073000893704980862609	-79.166221	-79.389365	0.619864	1.000000
0.9822754530577902931654	0.5075458657951519292340	-79.957682	-80.180826	0.619864	1.000000
1.0158255604918355885502	0.5330179206703756777941	-78.992628	-79.215772	0.618826	1.000000
1.0202268326586567681602	0.5650367697628128071941	-79.246309	-79.469453	0.618826	1.000000
1.0172954290818427836030	0.5071561622395618362802	-79.253337	-79.476481	0.618826	1.000000
1.0726430641423088108155	0.5343534012752448880690	-78.833335	-79.056479	0.618826	1.000000
0.9431500852363533526912	0.5409116631487876913909	-80.813376	-81.036520	0.618826	1.000000
0.9698778297744411469594	0.5169236018970803092643	-80.124574	-80.347718	0.618826	1.000000
1.0234829621780097141936	0.4589958237066752988476	-81.434593	-81.657737	0.618826	1.000000
1.1301889457289218121616	0.5005728357233595327003	-80.385652	-80.608796	0.618826	1.000000
1.0539209153510196159687	0.5352056031004981395682	-78.761757	-78.984900	0.618826	1.000000
1.0780565223294364951556	0.5434276538270020884269	-78.909343	-79.132486	0.618826	1.000000
1.1224876518935105185193	0.5411774084045832822198	-79.625410	-79.848553	0.618826	1.000000
1.0816362131898746845593	0.5654258525241275812334	-79.229139	-79.452282	0.618826	1.000000
1.0555602244630026831373	0.5483439665022160625085	-78.839880	-79.063024	0.618826	1.000000
1.0197284833083977151347	0.5411097573268961458126	-78.962023	-79.185167	0.618826	1.000000
1.0366782798326801273703	0.5344148722167797460614	-78.802517	-79.025661	0.618826	1.000000
0.9959218036274526397733	0.5353678202546114928140	-79.314215	-79.537358	0.618826	1.000000
0.9827358593298129996185	0.5167565803110639732765	-79.761975	-79.985119	0.618826	1.000000
0.9712381736784746477653	0.5458961199885895565487	-79.915397	-80.138540	0.618826	1.000000
0.9712381736784746477653	0.5458961199885895565487	-79.915397	-80.138540	0.618826	1.000000
0.9573339720601830027391	0.5346133844957082770222	-80.335211	-80.558355	0.618826	1.000000
1.0704776502410771055196	0.5137622637837969685748	-78.962308	-79.185451	0.618826	1.000000
0.9875142966923433629489	0.5271224644710459372732	-79.525493	-79.748637	0.618826	1.000000
1.0072128871051404530590	0.5119823152103722962991	-79.313184	-79.536328	0.618826	1.000000
0.9950997192412817105023	0.4810053408642777084125	-80.596824	-80.819968	0.618826	1.000000
1.0626433808868289698779	0.5738461319763223933421	-79.293837	-79.516981	0.618826	1.000000
1.0403456177304928331750	0.5283814932522250540359	-78.792691	-79.015835	0.618826	1.000000
1.0722259610529092377362	0.5019025355683605083001	-79.217057	-79.440200	0.618826	1.000000
1.0443809872265974458827	0.5003381518636964564450	-79.190851	-79.413995	0.618826	1.000000
1.0443809872265974458827	0.5003381518636964564450	-79.190851	-79.413995	0.618826	1.000000
1.0696645465871144065062	0.5360457258802109326012	-78.815753	-79.038897	0.618826	1.000000
0.9750389588903668469655	0.6189225086986824830859	-81.560701	-81.783844	0.618826	1.000000
0.9707954878597037096100	0.5351351096503939031024	-79.918451	-80.141595	0.618826	1.000000
1.0349874992122323202892	0.5417830532367530205207	-78.836202	-79.059345	0.618826	1.000000
1.0732039068892622601936	0.5380290905079814223200	-78.844308	-79.067452	0.618826	1.000000
1.0520116540650807923640	0.5471338637292040285587	-78.826343	-79.049486	0.618826	1.000000
1.0486442859569564678424	0.5160858594250086195387	-78.869122	-79.092266	0.618826	1.000000
1.0406499035434078059836	0.5937057778213342684737	-79.860307	-80.083450	0.618826	1.000000
1.0823147275725160110227	0.5140299810247764833449	-79.066633	-79.289777	0.618826	1.000000
1.0516172747662044795192	0.4476345365877895665641	-82.199192	-82.422335	0.618826	1.000000
1.0315572737318030593912	0.5219709637978239280542	-78.882788	-79.105931	0.618826	1.000000
0.9535722219306138613959	0.5311325330911453868055	-80.485427	-80.708570	0.618826	1.000000
1.0459338069823840289274	0.5231870091454812188303	-78.802271	-79.025415	0.618826	1.000000
0.9583342619676284979136	0.4902923437285073848813	-81.332982	-81.556126	0.618826	1.000000
0.9648740391429442286864	0.6194203419911550323462	-81.798175	-82.021319	0.618826	1.000000
1.1391878620521118659070	0.6105920973366945059269	-81.461802	-81.684945	0.618826	1.000000
1.0498511227658178235345	0.5604026603803907713441	-79.002506	-79.225649	0.618826	1.000000
1.0498511227658178235345	0.5604026603803907713441	-79.002506	-79.225649	0.618826	1.000000
1.0468359667656983447159	0.5008683600047441064618	-79.170183	-79.393327	0.618826	1.000000
0.9571396090993291583260	0.5683570830570972010065	-80.552587	-80.775731	0.618826	1.000000
0.9697199762077555185158	0.5775417119035003432614	-80.388867	-80.612011	0.618826	1.000000
0.9611157184724308244483	0.6287693875137332355507	-82.258677	-82.481821	0.618826	1.000000
1.1070538811991128547163	0.5300532388883518741807	-79.298152	-79.521296	0.618826	1.000000
1.0778993913892256362175	0.5542916481296743524965	-79.015612	-79.238755	0.618826	1.000000
1.0989269434621338206171	0.5212743399046445569311	-79.212022	-79.435166	0.618826	1.000000
1.0421567992857543316632	0.5914272594622626000316	-79.782456	-80.005600	0.618826	1.000000
1.1386147983518735138375	0.5865420770916186521404	-80.703048	-80.926192	0.618826	1.000000
1.1074019765423777084123	0.5863696013187039701720	-80.055870	-80.279014	0.618826	1.000000
1.0107724852834323314710	0.5449239441455365762224	-79.096478	-79.319621	0.618826	1.000000
1.0690302004749747677437	0.5528549757360105010306	-78.935623	-79.158766	0.618826	1.000000
1.0694556145331228780293	0.5612547826849072496458	-79.063496	-79.286640	0.618826	1.000000
1.0572999289147462231853	0.5815875132030069449840	-79.480186	-79.703330	0.618826	1.000000
1.0347531448778521934173	0.5827294107434717318483	-79.552916	-79.776060	0.618826	1.000000
1.0370106863599775071094	0.4947253833478697515602	-79.392771	-79.615914	0.618826	1.000000
1.0029415560882131153164	0.5253392008553574576979	-79.220948	-79.444092	0.618826	1.000000
0.9988282031134427807473	0.5105830535736616271336	-79.497329	-79.720473	0.618826	1.000000
1.0033027389354318703596	0.5681277376448686800003	-79.519272	-79.742415	0.618826	1.000000
1.0014481342270982189291	0.5315085399053018910820	-79.216569	-79.439713	0.618826	1.000000
0.9925264131065080208671	0.6327375660663643319737	-81.833848	-82.056992	0.618826	1.000000
1.0610056217167245229405	0.6292693889748099955739	-81.241373	-81.464517	0.618826	1.000000
0.9705445542856078189331	0.5334858604608193610730	-79.931372	-80.154515	0.618826	1.000000
0.9744257157400211255549	0.5527939398330763420830	-79.878555	-80.101698	0.618826	1.000000
1.1219887714685889967825	0.5453205063658382867331	-79.629204	-79.852348	0.618826	1.000000
1.1002050817830393292240	0.5328610440071308573806	-79.165291	-79.388434	0.618826	1.000000
1.1010356374761092190795	0.5492603786047349778698	-79.242551	-79.465695	0.618826	1.000000
1.1015817115139465709461	0.5600426186595329758333	-79.384120	-79.607263	0.618826	1.000000
1.1275593895115183507016	0.4982120854773881557520	-80.381866	-80.605010	0.618826	1.000000
1.0839871270117313883929	0.5256250959390862398379	-78.962333	-79.185476	0.618826	1.000000
1.0713593021854110887148	0.5262646408997777580652	-78.842475	-79.065618	0.618826	1.000000
1.0446336762245373996905	0.5256899710917893875362	-78.789626	-79.012769	0.618826	1.000000
1.1371240790259142805496	0.5373153146442442018582	-80.014647	-80.237791	0.618826	1.000000
1.0672575426723001079665	0.5576966479025089462596	-78.994074	-79.217217	0.618826	1.000000
1.0262702703701054307572	0.5322777622727439261752	-78.878614	-79.101757	0.618826	1.000000
1.0262702703701054307572	0.5322777622727439261752	-78.878614	-79.101757	0.618826	1.000000
1.0635613399715508897714	0.5723703641428696808902	-79.262249	-79.485393	0.618826	1.000000
1.0653603982845678554980	0.5970861175382305985337	-79.978246	-80.201390	0.618826	1.000000
1.0693320808770996332981	0.6155877392081774424071	-80.684725	-80.907869	0.618826	1.000000
1.0571839409174783597223	0.5618849043533291620633	-79.031310	-79.254454	0.618826	1.000000
1.0596844327971421950707	0.5617582652050290281665	-79.033995	-79.257139	0.618826	1.000000
1.0477097557985479703291	0.5807385061885270705062	-79.456180	-79.679323	0.618826	1.000000
0.9544502556604452792044	0.5319341169085167742026	-80.448890	-80.672034	0.618826	1.000000
1.0047156302413529083140	0.5293883920942570320278	-79.166907	-79.390050	0.618826	1.000000
1.1091104786970946705082	0.5775068907373136495309	-79.853337	-80.076481	0.618826	1.000000
1.0998141719140555050416	0.5717009665937761164756	-79.573855	-79.796999	0.618826	1.000000
1.0689463602059892100016	0.5732642883611418493928	-79.306108	-79.529252	0.618826	1.000000
1.0676133738385527038872	0.5469444525740512208500	-78.864245	-79.087389	0.618826	1.000000
1.0660214602418385254623	0.5155120947673249576226	-78.910196	-79.133339	0.618826	1.000000
1.0445689890849079173307	0.5571206421330897606836	-78.958252	-79.181396	0.618826	1.000000
1.0721751957731424642617	0.5557225066177420291780	-78.992729	-79.215873	0.618826	1.000000
1.1072900274177919222041	0.5239139318285708224465	-79.342613	-79.565757	0.618826	1.000000
1.0786201123509109311982	0.5253659395936974840779	-78.907372	-79.130515	0.618826	1.000000
1.0308651337769514366727	0.5659798600376581001470	-79.175809	-79.398952	0.618333	1.000000
1.0773823216693254600784	0.5893401793230039764637	-79.793917	-80.017060	0.618333	1.000000
1.0843930166218598287742	0.5902525451839012449184	-79.879669	-80.102812	0.618333	1.000000
1.0453098245202252503105	0.5353773425943026964546	-78.769818	-78.992962	0.618333	1.000000
0.9501711897344012891509	0.5752992657569135914741	-80.885480	-81.108624	0.618333	1.000000
1.0201571097971029455920	0.5253828429443058167791	-78.967031	-79.190175	0.618333	1.000000
1.0151579658254015203767	0.5346222634388875238898	-79.000656	-79.223800	0.618333	1.000000
1.0173867409073114043139	0.5122667224968369126259	-79.153389	-79.376533	0.618333	1.000000
1.0668578381077336025839	0.5404950262275800554335	-78.815348	-79.038491	0.618333	1.000000
1.0661247722815327954038	0.5239373002566557468995	-78.825091	-79.048235	0.618333	1.000000
0.9821784782273379477147	0.5475309549213588367067	-79.648049	-79.871192	0.618333	1.000000
0.9542198572741089623861	0.5265332386920000828923	-80.506724	-80.729868	0.618333	1.000000
1.1500228118995676762637	0.6022765082375977074847	-81.454352	-81.677496	0.618333	1.000000
1.1500228118995676762637	0.6022765082375977074847	-81.454352	-81.677496	0.618333	1.000000
1.1041922061868310045440	0.5519610665431119445046	-79.321673	-79.544817	0.618333	1.000000
1.0959360770537238671807	0.5418418469786883129302	-79.111635	-79.334779	0.618333	1.000000
1.0244418609079855020383	0.5665957947903110802912	-79.237176	-79.460319	0.618333	1.000000
1.0424951496646155391090	0.5828901577260540145531	-79.526441	-79.749584	0.618333	1.000000
1.1856185928838451903999	0.5912908577902821205541	-82.308955	-82.532098	0.618333	1.000000
1.1078696414462285702029	0.6121641706896144841110	-80.922228	-81.145372	0.618333	1.000000
1.0773882592546117908938	0.5585182149767886627956	-79.072199	-79.295342	0.618333	1.000000
1.0374261080448432537082	0.5252829016949718266005	-78.821097	-79.044241	0.618333	1.000000
1.0980374382027107138526	0.5657682869414504267525	-79.428533	-79.651677	0.618333	1.000000
0.9866148041953946012939	0.5928303245206018035063	-80.425069	-80.648212	0.618333	1.000000
0.9654433566406623867806	0.6107931227803810037003	-81.464063	-81.687206	0.618333	1.000000
1.0284553699232070744785	0.6088275839363641583901	-80.455162	-80.678306	0.618333	1.000000
1.0284553699232070744785	0.6088275839363641583901	-80.455162	-80.678306	0.618333	1.000000
1.0256023122727673246857	0.5443856947269589685590	-78.922637	-79.145780	0.618333	1.000000
1.0387111791248411218902	0.5180989796569199778986	-78.876251	-79.099395	0.618333	1.000000
1.1007201549851974853311	0.5253838825857151118015	-79.207183	-79.430327	0.618333	1.000000
1.0443893359479921034705	0.5325851652846889106030	-78.770508	-78.993652	0.618333	1.000000
1.0481137698227633858750	0.6167087914191859976398	-80.694010	-80.917154	0.618333	1.000000
1.1057930107076068271255	0.5449832813914804452438	-79.291161	-79.514305	0.618333	1.000000
1.0639259543056116541493	0.5571362677908756610989	-78.971193	-79.194337	0.618333	1.000000
1.0616237812361761783109	0.5051371846813695887235	-79.077286	-79.300429	0.618333	1.000000
1.0862971141043071821031	0.5054261576529587296491	-79.280879	-79.504023	0.618333	1.000000
1.0932735173435568221123	0.5051172889826188727724	-79.390809	-79.613953	0.618333	1.000000
1.0027074695060109732481	0.5128771428945712029801	-79.378420	-79.601563	0.618333	1.000000
1.0181136905645609136428	0.5465893293310137845964	-79.015942	-79.239086	0.618333	1.000000
1.0320722151586900761089	0.5332321485087475609888	-78.830968	-79.054112	0.618333	1.000000
1.0330701931292884943048	0.5557734335770038169855	-78.988228	-79.211372	0.618333	1.000000
1.0394952081266837229379	0.5487691673656138746651	-78.869172	-79.092316	0.618333	1.000000
1.1043335371037366066105	0.5493805248246651506960	-79.298806	-79.521949	0.618333	1.000000
1.0225147665460816437388	0.5473643374240061421077	-78.975653	-79.198797	0.618333	1.000000
1.1219949590765931901615	0.5795543739975124175601	-80.146334	-80.369477	0.618333	1.000000
0.9842643194051193811234	0.5856521693917128290607	-80.264779	-80.487923	0.618333	1.000000
1.0663790496710956468007	0.5632037341412070574620	-79.082964	-79.306107	0.618333	1.000000
1.0663790496710956468007	0.5632037341412070574620	-79.082964	-79.306107	0.618333	1.000000
1.0532275864023450395734	0.4916793099821513690628	-79.449673	-79.672817	0.618333	1.000000
1.0543453546525882735807	0.5289329621276801507435	-78.766549	-78.989692	0.618333	1.000000
1.0543453546525882735807	0.5289329621276801507435	-78.766549	-78.989692	0.618333	1.000000
1.0422121078061414856109	0.5615139506327722074275	-79.036683	-79.259826	0.618333	1.000000
1.0789240285781735995130	0.5598885912942116460655	-79.106786	-79.329930	0.618333	1.000000
1.0664684853328052493993	0.5396873173943180779233	-78.809660	-79.032804	0.618333	1.000000
0.9600585885171779576552	0.5143852666687901420417	-80.494695	-80.717839	0.618333	1.000000
1.0002983959882814080089	0.6678855873494273787117	-83.460244	-83.683387	0.618333	1.000000
1.0100251787405272185794	0.5168041585576249596912	-79.190785	-79.413928	0.618333	1.000000
1.0131931375308813603198	0.5001293654991219028716	-79.488576	-79.711720	0.618333	1.000000
1.0364346692272865535500	0.4991003852716971445069	-79.262723	-79.485866	0.618333	1.000000
1.0195290012492337350380	0.5726591659487305641107	-79.412142	-79.635285	0.618333	1.000000
1.0466286123895243154180	0.5653202383659808871741	-79.096520	-79.319663	0.618333	1.000000
0.9996641273037724095829	0.5119096807599895493368	-79.454982	-79.678126	0.618333	1.000000
1.0172046119190538693289	0.5069518919395173961462	-79.259003	-79.482147	0.618333	1.000000
1.0195678252874633695768	0.5068472645913268959106	-79.230172	-79.453316	0.618333	1.000000
1.0211685040380698019646	0.5430017259954020847346	-78.956738	-79.179881	0.618333	1.000000
1.0890136294017769280629	0.5007475056626174980678	-79.437725	-79.660869	0.618333	1.000000
1.0489262848429818930640	0.5025223062850454613937	-79.124043	-79.347187	0.618333	1.000000
0.9526683038690214599953	0.5270763083923434288991	-80.555853	-80.778997	0.618333	1.000000
1.0336200010533855841999	0.5279370092505111244918	-78.831049	-79.054193	0.618333	1.000000
1.0857638443087715973689	0.5446016687776467080084	-78.994634	-79.217778	0.618333	1.000000
1.1101417899346357476276	0.5490169498418160376474	-79.401606	-79.624749	0.618333	1.000000
1.0863458487114099337845	0.4961735148025691044538	-79.536163	-79.759306	0.618333	1.000000
1.1191610946439782825479	0.5187797177458419728424	-79.667548	-79.890692	0.618333	1.000000
1.0500227693697705699805	0.5056739207798348623157	-79.048915	-79.272058	0.618333	1.000000
1.0248305411331395387009	0.5263755710442576951635	-78.911012	-79.134155	0.618333	1.000000
1.0029719905942142688104	0.5272095868767019410939	-79.208060	-79.431204	0.618333	1.000000
1.0182092125759636402904	0.5265349841721596035882	-78.983463	-79.206606	0.618333	1.000000
1.0413306011724954291964	0.5644762828444596092226	-79.093856	-79.317000	0.618333	1.000000
1.0379532374936204508487	0.4881919161474250756783	-79.622960	-79.846104	0.618333	1.000000
1.0396033549553038710656	0.5254630475709052284117	-78.809259	-79.032403	0.618333	1.000000
0.9870720567163079328665	0.5014987769790898441968	-79.991446	-80.214589	0.618333	1.000000
1.0628411821293983763326	0.4977120758516803689098	-79.275670	-79.498814	0.618333	1.000000
1.0268598975519347415997	0.5476212469228275425692	-78.938078	-79.161221	0.618333	1.000000
1.1026852445874439911933	0.5360846123643205896059	-79.206080	-79.429223	0.618333	1.000000
1.1149558439957281130717	0.5500087259886149437804	-79.506263	-79.729406	0.618333	1.000000
1.0820265282462457889778	0.5514666167701456345185	-79.018416	-79.241560	0.618333	1.000000
1.0825387381233175787543	0.5630358790124093681939	-79.193299	-79.416443	0.618333	1.000000
1.0690186605186264845457	0.5055799360113149010232	-79.105315	-79.328459	0.618333	1.000000
0.9947371954565857876673	0.5627027991149367025514	-79.563724	-79.786867	0.618333	1.000000
1.0684542480588634649763	0.5862501497487717649904	-79.647754	-79.870898	0.618333	1.000000
1.0693129272245509575612	0.5902562525372804236312	-79.773120	-79.996264	0.618333	1.000000
1.0644654617739504054441	0.5120251830917321722580	-78.954906	-79.178049	0.618333	1.000000
1.0467845729521056963307	0.4845305159640425074485	-79.738134	-79.961278	0.618333	1.000000
1.0602848702833311822502	0.5702657760936120645567	-79.204933	-79.428077	0.618333	1.000000
0.9558351424783431138366	0.5266554657965388797081	-80.448751	-80.671894	0.618333	1.000000
1.0632740707644903199736	0.5067210901312246829065	-79.049272	-79.272415	0.618333	1.000000
1.1024582119841377370051	0.5463456775612600679892	-79.242149	-79.465293	0.618333	1.000000
1.0320101790415738829410	0.4807891900019586328696	-79.990506	-80.213650	0.618333	1.000000
1.1009135588717287035365	0.5149832266454585916193	-79.328728	-79.551872	0.618333	1.000000
1.1000899796221796922424	0.5414107006874234739868	-79.174565	-79.397709	0.618333	1.000000
1.0578126127872773398764	0.5799440926568188992007	-79.436449	-79.659593	0.617160	1.000000
0.9803955043138351532761	0.5887276007165672675470	-80.427868	-80.651011	0.617160	1.000000
1.0305672425996446062157	0.5878584282589226495119	-79.725211	-79.948355	0.617160	1.000000
0.9745184538157463105534	0.5602179366697879192571	-79.960117	-80.183261	0.617160	1.000000
0.9965527125134084895919	0.5141759915518340218199	-79.478863	-79.702007	0.617160	1.000000
1.0337706753637831980086	0.5555833517054155068493	-78.981278	-79.204421	0.617160	1.000000
1.1291915225982580572861	0.5627638293165324601119	-79.978830	-80.201973	0.617160	1.000000
1.1278049643846006500070	0.5295816430712292355310	-79.782760	-80.005903	0.617160	1.000000
1.1124549937676395661157	0.5699553404271906487111	-79.746696	-79.969840	0.617160	1.000000
1.0912081892121099357951	0.5118830488674388501380	-79.218809	-79.441952	0.617160	1.000000
1.1131617820857242495691	0.5255032035441944415766	-79.452906	-79.676050	0.617160	1.000000
1.0651038844045066511512	0.5275113615440439884807	-78.800564	-79.023708	0.617160	1.000000
1.0536945596504598832155	0.4776762367048873469955	-80.056874	-80.280018	0.617160	1.000000
1.0311581654833845700381	0.5722815245351934310136	-79.308189	-79.531333	0.617160	1.000000
1.0334400600186701701944	0.5775119249134174070903	-79.420902	-79.644046	0.617160	1.000000
1.0981175346968945483184	0.5236997218529556574751	-79.175651	-79.398795	0.617160	1.000000
1.0754489270122973287869	0.5143135050385823081598	-78.993089	-79.216232	0.617160	1.000000
1.0274905549619932632055	0.5230755000513968022702	-78.907560	-79.130704	0.617160	1.000000
1.0036728510643257994417	0.5558851594279150543088	-79.311740	-79.534884	0.617160	1.000000
1.1267797270995532077364	0.4924475105175111222522	-80.568853	-80.791997	0.617160	1.000000
1.1748221700040362147632	0.5538461915271278845907	-81.352749	-81.575892	0.617160	1.000000
1.1742739990296942043102	0.5407277294346498619504	-81.327742	-81.550886	0.617160	1.000000
1.0782280051299499845641	0.6402524421579096625123	-81.824034	-82.047178	0.617160	1.000000
0.9651892651319183835668	0.5983342555082089564422	-81.054341	-81.277484	0.617160	1.000000
1.0818408260806986476155	0.5733815504247095073964	-79.399789	-79.622933	0.617160	1.000000
1.0352882032263797107419	0.5509084514299225077139	-78.912879	-79.136022	0.617160	1.000000
1.0899734388200743584463	0.5521463334715474013947	-79.114361	-79.337505	0.617160	1.000000
1.1273599044940001423498	0.5252195931891525670920	-79.805480	-80.028623	0.617160	1.000000
1.0753081310031658013315	0.5304164789839082017053	-78.856951	-79.080095	0.617160	1.000000
1.0393801249719680779293	0.4938944726850971189691	-79.406709	-79.629852	0.617160	1.000000
1.0329379086063421588904	0.5000176154902526981516	-79.261592	-79.484736	0.617160	1.000000
1.0194742683986464104606	0.6131283549178792036116	-80.689649	-80.912792	0.617160	1.000000
1.0467605725718327480678	0.5341121539437914123027	-78.765234	-78.988378	0.617160	1.000000
1.0459311989529149755640	0.5142641377416592440852	-78.899177	-79.122321	0.617160	1.000000
1.0614550723123323816566	0.5136154537171904177484	-78.917492	-79.140635	0.617160	1.000000
1.0714524974341448348980	0.4962865476140561060703	-79.371164	-79.594308	0.617160	1.000000
1.0713905616656642649787	0.4948043421179428302814	-79.418139	-79.641283	0.617160	1.000000
1.0956534394875425686422	0.4937904881095844800143	-79.763460	-79.986604	0.617160	1.000000
1.0919277525111423798876	0.5022258090834071930786	-79.442046	-79.665189	0.617160	1.000000
1.0450010128122944053075	0.5645339606003348942309	-79.084543	-79.307686	0.617160	1.000000
1.1203670128745650824698	0.5489431462652831772431	-79.614913	-79.838056	0.617160	1.000000
1.0930051096673729649211	0.5115840634629265082367	-79.251513	-79.474657	0.617160	1.000000
1.0712173550474741734462	0.5086123184234851990482	-79.057052	-79.280195	0.617160	1.000000
1.2010515656947695628531	0.5635555174534694344857	-82.545594	-82.768738	0.617160	1.000000
1.1785467336483865796737	0.5608591934886481000788	-81.546428	-81.769572	0.617160	1.000000
1.0794064583297922066407	0.5437492660552013523656	-78.923587	-79.146730	0.617160	1.000000
1.1202621525276790226400	0.4923005417941087036304	-80.382906	-80.606049	0.617160	1.000000
1.1601538276016623019160	0.5650147644549300407490	-80.910601	-81.133745	0.617160	1.000000
1.1278320643024632996543	0.5762389565495925625171	-80.196952	-80.420095	0.617160	1.000000
1.1346081127623952600203	0.5063896325183074864640	-80.356294	-80.579438	0.617160	1.000000
1.0610015366182075080559	0.5094653732780464183705	-78.985919	-79.209063	0.617160	1.000000
1.0834715207865530661735	0.5264990379481212512403	-78.951411	-79.174554	0.617160	1.000000
1.0491074192918561358567	0.6006909918701460737722	-80.080363	-80.303507	0.617160	1.000000
1.0409994434791451922706	0.6010297935505459765437	-80.108431	-80.331575	0.617160	1.000000
1.0186668378995269446108	0.6000314687500074573023	-80.212038	-80.435181	0.617160	1.000000
1.0756891715650092056222	0.5137610571067886544583	-79.003539	-79.226682	0.617160	1.000000
1.0412009336125271907747	0.5175311202191911208459	-78.871490	-79.094633	0.617160	1.000000
1.0357942062676970262913	0.5177570469303957034768	-78.896488	-79.119631	0.617160	1.000000
1.0692194354649620091635	0.5096589285141087666275	-79.023136	-79.246279	0.617160	1.000000
1.1403968394182195655873	0.5412361553064003460989	-80.109949	-80.333093	0.617160	1.000000
1.0782298469216142766669	0.5421308757902946195983	-78.902940	-79.126083	0.617160	1.000000
1.1507547216013016555536	0.5608123882732236609172	-80.552455	-80.775598	0.617160	1.000000
1.0894098235673776997601	0.5521463303652602849780	-79.107432	-79.330575	0.617160	1.000000
1.0972225631372760634719	0.5313947853727150061331	-79.119388	-79.342532	0.617160	1.000000
0.9767326539390197570611	0.5126776836445475771242	-79.999476	-80.222619	0.617160	1.000000
0.9687778689317559921435	0.5494662243170598259212	-80.002451	-80.225595	0.617160	1.000000
1.0968728276168502322463	0.5387921034428575506325	-79.114552	-79.337695	0.617160	1.000000
1.1262850697234094710097	0.5233524847835600013468	-79.795546	-80.018690	0.617160	1.000000
1.1270776198137539836353	0.5423192648635484225395	-79.741823	-79.964966	0.617160	1.000000
1.0477854519839622238209	0.5337099995288708820240	-78.763227	-78.986371	0.617160	1.000000
1.0560519172171425328344	0.5332634635110532483893	-78.762254	-78.985397	0.617160	1.000000
1.0560519172171425328344	0.5332634635110532483893	-78.762254	-78.985397	0.617160	1.000000
1.0114774838188143046835	0.5329069561920612985162	-79.051769	-79.274913	0.617160	1.000000
1.1207944868855552744691	0.5317139545287786761563	-79.592175	-79.815318	0.617160	1.000000
1.1056636710618594765521	0.5165061875366206978200	-79.396874	-79.620017	0.617160	1.000000
0.9834619071098644749185	0.5101244684332805201521	-79.867075	-80.090219	0.617160	1.000000
1.0854299158628941679439	0.6739084503959289484953	-83.610634	-83.833778	0.617160	1.000000
1.0874663212319868321742	0.6537226770383757212812	-82.555311	-82.778454	0.617160	1.000000
1.1620785960331436736936	0.5860830985627512035308	-81.361539	-81.584682	0.617160	1.000000
1.1676680142442312781981	0.5858495378903815220539	-81.539543	-81.762686	0.617160	1.000000
1.1056822282356297826311	0.5884396897292286654491	-80.087958	-80.311102	0.617160	1.000000
1.0413473701888265043891	0.4956148427984096160870	-79.341049	-79.564192	0.617160	1.000000
1.0945460455964541868212	0.6025175968131364356850	-80.391126	-80.614270	0.617160	1.000000
1.0902316201993085265087	0.5255071575637511038792	-79.041974	-79.265117	0.617160	1.000000
0.9887341214766324215546	0.5008504099872445047836	-79.968011	-80.191155	0.617160	1.000000
1.0617444891614287172388	0.4987432045956381454488	-79.241175	-79.464319	0.617160	1.000000
1.0133551033059922108492	0.5656404208744145734045	-79.333882	-79.557026	0.617160	1.000000
1.0790569199155533031131	0.5875382529731139058526	-79.752175	-79.975318	0.617160	1.000000
1.0472546872455357203080	0.5806351396395291741825	-79.454019	-79.677163	0.617160	1.000000
1.0539663128917367007631	0.5777594469226400297757	-79.374903	-79.598047	0.617160	1.000000
1.0148107537149366752516	0.5793956098259999132338	-79.625510	-79.848653	0.617160	1.000000
1.0159078412788058454197	0.6056503775762036578811	-80.438671	-80.661815	0.617160	1.000000
0.9902257585300380249294	0.5537155443899531848118	-79.527062	-79.750206	0.617160	1.000000
1.1043414984176576076891	0.5155346564966900579918	-79.385275	-79.608418	0.617160	1.000000
1.0026700511786141856163	0.5197831222011972673869	-79.278593	-79.501737	0.617160	1.000000
1.1184090057581672628118	0.6072707679337893127425	-80.913953	-81.137097	0.617160	1.000000
1.0686059034685673196918	0.5502821223908502812350	-78.902963	-79.126106	0.617160	1.000000
1.0592714413472767986946	0.5225698135743833683264	-78.808849	-79.031993	0.617160	1.000000
1.1087938977206894808347	0.5209029564836644699000	-79.403729	-79.626872	0.617160	1.000000
1.1196544246905151265281	0.5372699226436075115032	-79.553690	-79.776833	0.617160	1.000000
1.1097778529159780802615	0.5469899495791182841842	-79.378826	-79.601970	0.617038	1.000000
1.1322686000200223865875	0.5321285650418799972883	-79.891704	-80.114848	0.617038	1.000000
1.0714725026434004373499	0.5691386309546987432029	-79.227554	-79.450697	0.617038	1.000000
1.0838801861831239836675	0.5064630728861894137793	-79.226408	-79.449551	0.617038	1.000000
1.0419075613961936710439	0.5171100068270588767660	-78.873741	-79.096885	0.617038	1.000000
1.0601849241334249107638	0.5140882472326824270681	-78.906315	-79.129458	0.617038	1.000000
1.0422506105817836985494	0.4863609224158840227403	-79.675226	-79.898369	0.617038	1.000000
1.0689653985838882821469	0.4639904399062022566369	-80.942133	-81.165276	0.617038	1.000000
1.0123964290782985209205	0.5034224956769434156101	-79.412583	-79.635726	0.617038	1.000000
1.0827114245516256119117	0.5136080769804235446330	-79.077739	-79.300882	0.617038	1.000000
1.0847159952764700019401	0.5642539015437534333230	-79.236969	-79.460113	0.617038	1.000000
1.0767404425197761863586	0.5037999724650381594415	-79.209365	-79.432508	0.617038	1.000000
1.0760710936291399963949	0.4868887574768780979184	-79.752651	-79.975794	0.617038	1.000000
1.0928237135009375435857	0.5092955781386807601052	-79.292161	-79.515305	0.617038	1.000000
1.0937068387625510368366	0.5316078899532650225979	-79.065054	-79.288198	0.617038	1.000000
1.0522426887867373235252	0.5332490483683707260809	-78.759657	-78.982801	0.617038	1.000000
1.0753507795516816791803	0.5601762415770938918769	-79.083112	-79.306255	0.617038	1.000000
1.0872922550123764739993	0.5102124814094188831604	-79.193769	-79.416913	0.617038	1.000000
1.1395010405115224561001	0.5732614655477475951173	-80.422741	-80.645885	0.617038	1.000000
1.0362452328965119363602	0.5126115292656266975158	-78.965303	-79.188447	0.617038	1.000000
1.1356226921078229619155	0.5190018031879184423616	-80.123924	-80.347067	0.617038	1.000000
1.1146000115561016663435	0.5199576609514723335437	-79.542555	-79.765699	0.617038	1.000000
1.0991692144059554969715	0.5228796346013044882284	-79.200629	-79.423773	0.617038	1.000000
1.0807934227091091639039	0.4968772368845549847194	-79.443338	-79.666482	0.617038	1.000000
1.1009354636501154089956	0.5548390014547605053608	-79.301325	-79.524468	0.617038	1.000000
1.0575195725591268747223	0.4978912597210049528762	-79.253264	-79.476407	0.617038	1.000000
1.1295317564272551180693	0.4844548316029704815300	-81.008845	-81.231989	0.617038	1.000000
1.0167358065057823246491	0.4729639692423033281443	-80.593244	-80.816387	0.617038	1.000000
0.9685358364247919071843	0.5674350694856378218844	-80.221508	-80.444652	0.617038	1.000000
0.9685358364247919071843	0.5674350694856378218844	-80.221508	-80.444652	0.617038	1.000000
1.0233113431746281296597	0.5408163904182338166393	-78.923052	-79.146195	0.617038	1.000000
1.1030856510753259680513	0.5237131772762618764361	-79.263193	-79.486337	0.617038	1.000000
1.0303401037379436022690	0.5511055943326557127193	-78.946737	-79.169880	0.617038	1.000000
1.0677946090386258859439	0.5609361651014979077701	-79.049353	-79.272497	0.617038	1.000000
1.1204575177344922032319	0.5693858995564322622585	-79.893965	-80.117108	0.617038	1.000000
1.0004552005574669504284	0.4934914056776148472139	-79.936450	-80.159593	0.617038	1.000000
1.0123880734312498130834	0.5291223578461204946066	-79.048394	-79.271538	0.617038	1.000000
1.0706253003896164521791	0.5359711473028999639823	-78.821614	-79.044757	0.617038	1.000000
1.1155851187802316992759	0.5255877084976906532532	-79.506759	-79.729902	0.617038	1.000000
0.9797691824735857979434	0.5163188220209853351861	-79.847984	-80.071127	0.617038	1.000000
0.9797691824735857979434	0.5163188220209853351861	-79.847984	-80.071127	0.617038	1.000000
0.9964521477578066610548	0.5853691731934529407511	-80.037161	-80.260304	0.617038	1.000000
1.0397869060362612270154	0.4813745620186996587719	-79.907832	-80.130975	0.617038	1.000000
1.0403874910962469524378	0.4965484469838972181321	-79.316267	-79.539411	0.617038	1.000000
1.0085872978533878541185	0.5135306665629061351197	-79.263370	-79.486513	0.617038	1.000000
0.9803882968453641044704	0.5073496398809199670055	-80.014384	-80.237528	0.617038	1.000000
1.0836425140560375091070	0.5032628196381488949740	-79.298752	-79.521895	0.617038	1.000000
1.0426182526359080160461	0.5068432082618896661330	-79.040779	-79.263922	0.617038	1.000000
1.0464790455744978903141	0.6043868067090515383555	-80.216809	-80.439952	0.617038	1.000000
1.0061189525367166819336	0.5459361587848637897835	-79.172057	-79.395200	0.617038	1.000000
0.9832474671323782056120	0.5393378586632358029362	-79.590703	-79.813846	0.617038	1.000000
1.1158914162700606098610	0.5279164986846273110999	-79.496676	-79.719820	0.617038	1.000000
1.1162908491582725911684	0.5380082393902468895774	-79.477436	-79.700580	0.617038	1.000000
1.0370500783652525367273	0.4991757680135520125475	-79.256764	-79.479908	0.617038	1.000000
1.0635252609262175749194	0.5670813877230279631547	-79.146891	-79.370035	0.617038	1.000000
1.0214896341953398906099	0.5483821015730934167465	-78.995311	-79.218454	0.617038	1.000000
1.0823639950205603543765	0.5172020446935381432496	-79.022736	-79.245880	0.617038	1.000000
1.0464160938881446050175	0.4789504481494513687956	-79.999229	-80.222372	0.617038	1.000000
1.1072959855272375140345	0.5347754623776326265983	-79.291193	-79.514337	0.617038	1.000000
1.0928942126966627590434	0.5428404068723043929268	-79.073115	-79.296259	0.617038	1.000000
1.0937991137477502956443	0.5657028877578870185161	-79.369426	-79.592569	0.617038	1.000000
1.0579024040944793316754	0.5606647359770733363149	-79.011244	-79.234387	0.617038	1.000000
1.0637183383186814555899	0.4916959980207859515211	-79.476253	-79.699397	0.617038	1.000000
1.1162350655829722523293	0.5189004278180509022178	-79.594702	-79.817845	0.617038	1.000000
1.1186336554987337255085	0.5795012150925679117464	-80.076888	-80.300032	0.617038	1.000000
1.1067838088175707689231	0.5535553395494710038349	-79.384366	-79.607510	0.617038	1.000000
1.0539862695775019663103	0.5081916454597604770882	-78.996058	-79.219201	0.617038	1.000000
1.0563700687131205580016	0.5684187411268997180969	-79.157564	-79.380707	0.617038	1.000000
1.1140673034147356990076	0.4979801814472320509175	-80.016449	-80.239593	0.617038	1.000000
1.0741775310642212026835	0.5189597296710232177119	-78.922460	-79.145603	0.617038	1.000000
1.0066077265305952703756	0.5172711063520094576518	-79.240559	-79.463703	0.617038	1.000000
1.0073050704010217959450	0.6734570327157303193388	-83.686387	-83.909531	0.617038	1.000000
1.1146316836927749882591	0.6832577787402216440427	-84.433949	-84.657092	0.617038	1.000000
1.3074438387151772200667	0.6581282159861803204848	-90.158040	-90.381183	0.617038	1.000000
1.1396375996368901528655	0.6647700167111731950342	-83.854672	-84.077816	0.617038	1.000000
1.0684748046553993461316	0.6291456933341380564073	-81.259472	-81.482616	0.617038	1.000000
1.0204801401777365832402	0.6366924470509178757283	-81.696745	-81.919889	0.617038	1.000000
1.0682293517286083339712	0.6278067799880443500271	-81.198835	-81.421979	0.617038	1.000000
1.1630232323308755670865	0.6244897832121172331910	-82.594838	-82.817982	0.617038	1.000000
1.1272454781983800575773	0.6165326094335810136471	-81.425193	-81.648337	0.617038	1.000000
1.0022065306933187756044	0.6136184446135695136348	-80.898698	-81.121841	0.617038	1.000000
0.9885580259811269643322	0.5342762478268786585645	-79.469843	-79.692987	0.617038	1.000000
1.0382292128652506058017	0.5453371419735875136325	-78.843531	-79.066675	0.617038	1.000000
1.0147410843375714861736	0.5199374783901021812582	-79.082539	-79.305682	0.617038	1.000000
1.0060708260364825683553	0.5331704574896664050598	-79.134088	-79.357232	0.617038	1.000000
1.0832421093069155570987	0.4913978362234547314635	-79.658941	-79.882085	0.617038	1.000000
1.1107752381365567639904	0.5181882231053771548090	-79.479964	-79.703108	0.617038	1.000000
1.0744738946174219318408	0.5261323301017032383342	-78.866466	-79.089610	0.617038	1.000000
1.0775804264921673425448	0.6046193928821681495833	-80.308904	-80.532047	0.617038	1.000000
1.0420431764522035678056	0.5881360665049925051662	-79.680790	-79.903934	0.617038	1.000000
1.0406169272966065975083	0.5521016359794443939535	-78.901975	-79.125119	0.617038	1.000000
1.1104493620665043529527	0.5493376558173816981423	-79.410252	-79.633396	0.617038	1.000000
1.0637951419796738417034	0.5318832010169536328448	-78.783859	-79.007003	0.617038	1.000000
1.1254860649958828844319	0.5621670959739474282557	-79.881928	-80.105072	0.617038	1.000000
1.1264833412398240763963	0.6101642669974389754373	-81.171464	-81.394607	0.617038	1.000000
1.1236446064132488142917	0.5384431427553911797546	-79.649697	-79.872841	0.617038	1.000000
1.1169344924374318139826	0.5449418564613081050751	-79.512840	-79.735984	0.617038	1.000000
0.9845747530021687898838	0.5068839171537762311459	-79.912249	-80.135392	0.617038	1.000000
0.9738257753639872893459	0.4893009148534989138923	-80.820451	-81.043594	0.617038	1.000000
0.9545783438308574897491	0.5650695416734834441996	-80.579367	-80.802510	0.617038	1.000000
0.9545783438308574897491	0.5650695416734834441996	-80.579367	-80.802510	0.616481	1.000000
1.0024516816192767798555	0.5635608226525518071881	-79.447740	-79.670884	0.616481	1.000000
1.0047302882088970932273	0.6035813561675759109093	-80.492233	-80.715377	0.616481	1.000000
1.0875102537468888108663	0.5115623868240393168350	-79.172015	-79.395158	0.616481	1.000000
1.0888946726376675933068	0.5554915428029951751654	-79.142952	-79.366095	0.616481	1.000000
1.0633025301349350311142	0.6002947763082168153304	-80.082115	-80.305259	0.616481	1.000000
1.0619610241021819607710	0.5577272931916084086623	-78.973433	-79.196576	0.616481	1.000000
1.0505474880093359502098	0.5566537019713891920603	-78.942272	-79.165416	0.616481	1.000000
0.9983578974286017038153	0.5742399100971603553845	-79.726490	-79.949634	0.616481	1.000000
0.9910893230042978618854	0.5744689778203566632442	-79.858282	-80.081425	0.616481	1.000000
1.0445989676109379562519	0.5452305369669745438443	-78.819545	-79.042689	0.616481	1.000000
1.0027325550150107957847	0.5205767268344730913654	-79.268415	-79.491559	0.616481	1.000000
1.0052649860821107896669	0.5615201440889839856752	-79.370420	-79.593563	0.616481	1.000000
1.0131608772695901432570	0.5100420523097275449231	-79.253526	-79.476670	0.616481	1.000000
1.0494192105760851152496	0.5088993779182205967615	-78.983207	-79.206350	0.616481	1.000000
1.0003661473829092987131	0.5123099108829156644873	-79.433671	-79.656815	0.616481	1.000000
0.9987977818161595244817	0.5123593376217151496022	-79.464219	-79.687362	0.616481	1.000000
1.0878338181977615928275	0.5095533840817516590960	-79.213777	-79.436920	0.616481	1.000000
1.0534485756451548166268	0.4987053792205162761064	-79.224292	-79.447436	0.616481	1.000000
1.0404130853393245281779	0.5018530966092328293726	-79.166429	-79.389572	0.616481	1.000000
1.0500636726680387944555	0.5814904980204916862263	-79.474373	-79.697516	0.616481	1.000000
1.0315345109650728705475	0.5368868253287636393978	-78.838875	-79.062019	0.616481	1.000000
1.0331756984719910885673	0.5889635359705638339989	-79.743332	-79.966475	0.616481	1.000000
1.0059783853472845649435	0.5850387758706053764612	-79.886129	-80.109273	0.616481	1.000000
1.0048154248294542956188	0.5481367411429551861346	-79.209763	-79.432906	0.616481	1.000000
1.0344735192599072703956	0.5395002184272194023507	-78.827969	-79.051113	0.616481	1.000000
1.1369460991306243879961	0.5486208956335506536917	-80.033591	-80.256735	0.616481	1.000000
1.1975299109540558095688	0.5264335541359442816045	-82.585510	-82.808653	0.616481	1.000000
1.0877965476434816594065	0.5207618823782776962261	-79.048519	-79.271662	0.616481	1.000000
1.0955217134472534645795	0.5115770674627946323909	-79.292077	-79.515221	0.616481	1.000000
1.1138568980822103338113	0.5759557232714356267422	-79.901581	-80.124724	0.616481	1.000000
1.1115452723813441515688	0.5535047851501107007977	-79.472308	-79.695452	0.616481	1.000000
1.0892037400610490305297	0.4727169299212832798140	-80.632326	-80.855470	0.616481	1.000000
1.0899511215707911038209	0.4964321790672832079849	-79.580484	-79.803627	0.616481	1.000000
1.1073066837579872423447	0.4866516903387020365201	-80.283158	-80.506301	0.616481	1.000000
1.1055365989241630053641	0.4752225739812537819162	-80.815656	-81.038799	0.616481	1.000000
1.0078400629882082739641	0.4835784136779913700011	-80.194651	-80.417794	0.616481	1.000000
1.0420636760872297177372	0.5960639012252091362143	-79.933942	-80.157085	0.616481	1.000000
1.1412377390532770782272	0.6175851004656049969554	-81.766881	-81.990025	0.616481	1.000000
1.0798161856668730962383	0.5685559018102708250808	-79.275676	-79.498819	0.616481	1.000000
1.1207187605981991929127	0.5995761453776984328812	-80.692614	-80.915758	0.616481	1.000000
1.0471122881532874959731	0.5771414062438421366252	-79.362522	-79.585665	0.616481	1.000000
1.0472501071876676448369	0.5815145579672690301365	-79.477990	-79.701133	0.616481	1.000000
1.0285396788087941555290	0.5789251229753187288907	-79.488352	-79.711495	0.616481	1.000000
1.1052744177626487864785	0.5627267865899399090779	-79.487167	-79.710310	0.616481	1.000000
1.0327266918271382767358	0.5584439940536917168501	-79.030268	-79.253412	0.616481	1.000000
1.0365446172778283173699	0.5052370689240917034368	-79.105749	-79.328893	0.616481	1.000000
1.0365446172778283173699	0.5052370689240917034368	-79.105749	-79.328893	0.616481	1.000000
1.0201290824101949539227	0.5054576084627174781261	-79.254179	-79.477323	0.616481	1.000000
1.0073676513947957822381	0.5342987483088517119967	-79.112373	-79.335516	0.616481	1.000000
1.1181690243760864511557	0.5398578097090702687666	-79.521915	-79.745059	0.616481	1.000000
1.1020721366702563859263	0.5259999041407584785546	-79.226910	-79.450053	0.616481	1.000000
1.0311083772984070972001	0.5084336899065694526101	-79.076824	-79.299968	0.616481	1.000000
1.0791624490806883684968	0.5467117628375516291683	-78.943993	-79.167137	0.616481	1.000000
1.0791624490806883684968	0.5467117628375516291683	-78.943993	-79.167137	0.616481	1.000000
1.0330737618289786983183	0.5418167368338796530125	-78.848246	-79.071389	0.616481	1.000000
1.0098377184346931656478	0.5436488077587047218486	-79.101530	-79.324674	0.616481	1.000000
0.9384296551095411276222	0.5442247067482884892442	-80.987475	-81.210618	0.616481	1.000000
0.9379241739668743305103	0.5281852261340497234343	-81.109063	-81.332206	0.616481	1.000000
0.9392139153532330642093	0.5691101592675428255674	-81.140755	-81.363898	0.616481	1.000000
1.0712986037369924829932	0.5634718592900077593910	-79.113677	-79.336820	0.616481	1.000000
1.0774756348455218901705	0.6401764003439155414910	-81.815704	-82.038847	0.616481	1.000000
1.1353022582026095488317	0.5989329087416404018285	-80.979775	-81.202919	0.616481	1.000000
1.1359780206601217678042	0.6203756054561280208759	-81.755942	-81.979085	0.616481	1.000000
1.1359780206601217678042	0.6203756054561280208759	-81.755942	-81.979085	0.616481	1.000000
1.0150908719091589205163	0.5982922720994898746483	-80.187734	-80.410878	0.616481	1.000000
1.0150908719091589205163	0.5982922720994898746483	-80.187734	-80.410878	0.616481	1.000000
0.9912969551393970846220	0.5770319782919420825706	-79.913016	-80.136160	0.616481	1.000000
0.9896023463041193624079	0.5847935118679393751151	-80.139879	-80.363022	0.616481	1.000000
1.1309880212057386028590	0.5868062383792597147547	-80.526994	-80.750138	0.616481	1.000000
1.0873055651764624851552	0.5888008822139721987199	-79.863756	-80.086899	0.616481	1.000000
1.0873547002821328799627	0.5903599939361675597027	-79.911580	-80.134724	0.616481	1.000000
1.0312408195867088789299	0.5581276971322711721868	-79.034982	-79.258126	0.616481	1.000000
1.0312075514134442233427	0.5028814395286127503226	-79.200232	-79.423375	0.616481	1.000000
1.0367141737351550645485	0.4824718194617879096775	-79.875218	-80.098362	0.616481	1.000000
1.0578162738333927173073	0.5327194109812761757539	-78.765224	-78.988368	0.616481	1.000000
1.0108959545849840466758	0.5234293112133643344208	-79.104830	-79.327974	0.616481	1.000000
1.0679294482323928860978	0.5068558843312023221017	-79.070696	-79.293840	0.616481	1.000000
0.9593354131274012264186	0.5204358320541171423201	-80.410394	-80.633538	0.616481	1.000000
1.0216736018860996804136	0.5464694541689855133981	-78.976436	-79.199580	0.616481	1.000000
1.1350051616069747328908	0.5451837242787835879909	-79.962589	-80.185733	0.616481	1.000000
1.0543217306128473964577	0.5325157883063388331024	-78.760538	-78.983681	0.616481	1.000000
1.0019657515493547439434	0.5484189448375662578883	-79.258450	-79.481594	0.616481	1.000000
0.9923537180269198509919	0.4977969717105480973451	-79.973269	-80.196413	0.616481	1.000000
0.9923537180269198509919	0.4977969717105480973451	-79.973269	-80.196413	0.616481	1.000000
1.0337036692245564761805	0.5404316998113899428446	-78.836940	-79.060084	0.616481	1.000000
1.0210726534813829857740	0.5995834705563285460528	-80.174932	-80.398075	0.616481	1.000000
1.0198543583363912645723	0.6453960029068867010338	-82.117036	-82.340180	0.616481	1.000000
1.0710063904612576735076	0.5100407806755945516741	-79.028374	-79.251518	0.616481	1.000000
1.0710063904612576735076	0.5100407806755945516741	-79.028374	-79.251518	0.616481	1.000000
1.0189664620346992052191	0.5509342081985535433120	-79.048052	-79.271195	0.616481	1.000000
0.9324748709453024586580	0.5887047335306699880064	-81.751506	-81.974649	0.616481	1.000000
0.9096049338900742409209	0.5999282088943231894262	-82.877315	-83.100459	0.616481	1.000000
0.9691455718873543956349	0.4962262400320194277725	-80.698885	-80.922028	0.616481	1.000000
0.9720500919628467517697	0.5883899025550981543020	-80.601584	-80.824728	0.616481	1.000000
1.0031329760276359586157	0.5979995326557268064960	-80.321969	-80.545112	0.616481	1.000000
1.0274228526495237101557	0.5374480240733814362386	-78.872667	-79.095811	0.616481	1.000000
0.9414470447075246051227	0.5374754244827927296413	-80.889853	-81.112996	0.616481	1.000000
0.9440873642983663716066	0.5373922153193614326128	-80.790200	-81.013343	0.616481	1.000000
1.1416076898749480950102	0.5347412635424974025611	-80.158067	-80.381211	0.616481	1.000000
1.1250387007447546494632	0.5131205142022748910691	-79.916074	-80.139218	0.616179	1.000000
1.1254054074781911776171	0.5264465435916468871724	-79.741942	-79.965086	0.616179	1.000000
0.9841672757098737234216	0.5057941562977955607394	-79.950215	-80.173359	0.616179	1.000000
1.0822586122418591525474	0.5651987497066343069108	-79.230589	-79.453733	0.616179	1.000000
1.0665176756712180239361	0.5958889075767055398813	-79.942406	-80.165550	0.616179	1.000000
1.0542005346206158034050	0.5607829462944683429626	-79.008748	-79.231892	0.616179	1.000000
0.9406658035429775743808	0.5779733336030647983250	-81.242260	-81.465404	0.616179	1.000000
0.9581127876838626544753	0.5888193766404608009424	-80.963599	-81.186743	0.616179	1.000000
0.9581127876838626544753	0.5888193766404608009424	-80.963599	-81.186743	0.616179	1.000000
0.9362014405775737069249	0.4868457991582773591865	-82.473344	-82.696488	0.616179	1.000000
1.0389057990008654375202	0.5788770694595311017139	-79.429913	-79.653056	0.616179	1.000000
0.9928726238960249306231	0.4815602383058495417067	-80.624972	-80.848116	0.616179	1.000000
1.0691963721755990412987	0.4794599553485303089495	-80.029423	-80.252567	0.616179	1.000000
1.0774389936095094544299	0.5621604636127293108672	-79.133017	-79.356161	0.616179	1.000000
1.0118160822623523120711	0.5734486906787482629611	-79.515949	-79.739092	0.616179	1.000000
0.9898929227352041282373	0.5772180783930455083564	-79.943357	-80.166501	0.616179	1.000000
1.0770237408364435882646	0.5569106059471479186485	-79.044933	-79.268077	0.616179	1.000000
1.0193573522157908239905	0.5917940771704778279982	-79.933763	-80.156907	0.616179	1.000000
1.0443148697597546270543	0.5080412150718829344953	-79.010501	-79.233645	0.616179	1.000000
1.0839214509235721717317	0.5427928427009213185883	-78.962613	-79.185756	0.616179	1.000000
1.0789788817217573768659	0.4995900184526719800537	-79.342626	-79.565770	0.616179	1.000000
1.0305922057431915472847	0.6005879805905701696034	-80.140168	-80.363312	0.616179	1.000000
1.0003748211086636032974	0.6109503523327464158399	-80.821130	-81.044273	0.616179	1.000000
0.9364656886175860561750	0.5600430000113348905089	-81.131188	-81.354331	0.616179	1.000000
0.9485810413216974046335	0.5885678002296990118936	-81.229025	-81.452168	0.616179	1.000000
1.0831569640082141514625	0.5819331970841865597777	-79.627289	-79.850432	0.616179	1.000000
1.0141708357344636493025	0.5838315628323421657697	-79.751435	-79.974578	0.616179	1.000000
0.9610348348871858847886	0.5205001989572669574002	-80.351669	-80.574813	0.616179	1.000000
1.0212274390969906523452	0.5735050410156428135622	-79.415117	-79.638261	0.616179	1.000000
0.9704212795901524524211	0.5096934875650719343199	-80.254291	-80.477434	0.616179	1.000000
0.9067707857804171434069	0.6330439112299491855040	-84.042207	-84.265350	0.616179	1.000000
1.0173831195269160687644	0.5828442421156635466772	-79.689788	-79.912931	0.616179	1.000000
1.1123634835167808265766	0.5433654844016224672032	-79.408586	-79.631730	0.616179	1.000000
1.1115468069832465936031	0.5136876669656013083554	-79.567349	-79.790493	0.616179	1.000000
0.9662961274029235880789	0.5358889326443976308667	-80.047562	-80.270706	0.616179	1.000000
1.0194160632665671961661	0.5303070164151926224605	-78.953555	-79.176699	0.616179	1.000000
0.9835816083977514390213	0.5195126605071280767589	-79.699668	-79.922812	0.616179	1.000000
0.9842033527920913682507	0.5421066936027476579341	-79.574491	-79.797635	0.616179	1.000000
1.0378859891627356670796	0.5908774686729146852215	-79.780014	-80.003157	0.616179	1.000000
1.0040771276705562353726	0.4739618227771744130017	-80.771225	-80.994369	0.616179	1.000000
1.0735312265307135337622	0.4783264966209892499194	-80.122587	-80.345730	0.616179	1.000000
1.1383124019442432128812	0.4765438430990767693096	-81.747600	-81.970744	0.616179	1.000000
1.1396828271270085242151	0.5263447455540825048459	-80.156817	-80.379960	0.616179	1.000000
1.1551746155057540654809	0.5611681203009230012313	-80.698067	-80.921211	0.616179	1.000000
1.0708440456455019518245	0.5173229988767757969725	-78.916202	-79.139346	0.616179	1.000000
1.0203956587896179097896	0.5736365005682467765880	-79.426110	-79.649254	0.616179	1.000000
0.9891913702527336260673	0.5923739207072882262395	-80.364097	-80.587240	0.616179	1.000000
0.9594251511229399120850	0.5160468648051435014423	-80.483638	-80.706781	0.616179	1.000000
0.9594002913279505717625	0.5151434661804797920936	-80.502257	-80.725400	0.616179	1.000000
0.9702880412123081610432	0.5403934820891059809256	-79.927204	-80.150347	0.616179	1.000000
1.0457738332453374585640	0.5617716838745570040459	-79.031945	-79.255089	0.616179	1.000000
1.0524966659813175251514	0.5690692433826283203047	-79.168798	-79.391942	0.616179	1.000000
1.0571404788909763983185	0.5830147389570171645445	-79.519628	-79.742771	0.616179	1.000000
1.1123571094171735840206	0.5331348540949358838503	-79.396035	-79.619178	0.616179	1.000000
1.0724524390593852540832	0.5486174347806812567896	-78.908846	-79.131989	0.616179	1.000000
1.0935354309027882635519	0.5480372713393392158920	-79.119271	-79.342415	0.616179	1.000000
1.0999102426582547664680	0.5356192274527619145985	-79.158468	-79.381612	0.616179	1.000000
1.1576414847322222811954	0.5340305745555185001905	-80.708813	-80.931957	0.616179	1.000000
0.9853589018697329615648	0.5125604354283089802991	-79.768167	-79.991311	0.616179	1.000000
0.9711623912928358803853	0.5036978412245697311889	-80.387787	-80.610931	0.616179	1.000000
0.9841952476837096952522	0.5075094825940982268264	-79.907147	-80.130290	0.616179	1.000000
1.0461603236003256256481	0.4718548345016647660444	-80.384342	-80.607485	0.616179	1.000000
1.0438412591502148618616	0.5315717828794985777563	-78.772827	-78.995971	0.616179	1.000000
1.0502118709322816325624	0.4888682128739830212716	-79.554762	-79.777906	0.616179	1.000000
1.0329140170939012932649	0.4893442165875568350408	-79.613394	-79.836537	0.616179	1.000000
1.0508968037501418280044	0.5242800468494926979801	-78.787885	-79.011029	0.616179	1.000000
1.1150610609481477197846	0.5460590027083110920003	-79.479110	-79.702253	0.616179	1.000000
1.1102876607333269642908	0.5897990391557446088200	-80.201719	-80.424862	0.616179	1.000000
1.1040492815613629495886	0.5529230949434238429063	-79.329706	-79.552849	0.616179	1.000000
1.1031747453884239718036	0.5211426729330600471357	-79.289777	-79.512920	0.616179	1.000000
1.0082314081484049506088	0.5420894931273481098799	-79.116601	-79.339745	0.616179	1.000000
1.0075829086023251335291	0.5185231846249952480932	-79.207952	-79.431096	0.616179	1.000000
1.0337998351910715477686	0.5409963081568134324328	-78.839145	-79.062288	0.616179	1.000000
1.0316368348026325740818	0.5410558297730195809194	-78.853855	-79.076999	0.616179	1.000000
1.0304311276870175007048	0.4972407399679015793659	-79.362821	-79.585965	0.616179	1.000000
1.0677233088281061768043	0.5626442025171997096678	-79.079064	-79.302207	0.616179	1.000000
1.0673364035857326737045	0.5485841644523057336613	-78.878452	-79.101596	0.616179	1.000000
1.0627218895801429088266	0.5524846126848268479392	-78.902772	-79.125916	0.616179	1.000000
1.0592109857112670390222	0.5269473789052887546802	-78.781900	-79.005043	0.616179	1.000000
1.0210988035552293062835	0.4977907548834770157242	-79.445842	-79.668986	0.616179	1.000000
1.1082530818952314177750	0.4901739060550538984451	-80.157959	-80.381103	0.616179	1.000000
1.1270059680998334439295	0.5360011066688112890688	-79.736276	-79.959420	0.616179	1.000000
1.0314228811830883358880	0.5003103031462550198682	-79.265676	-79.488820	0.616179	1.000000
1.0729829224596105774481	0.5161370489457410837275	-78.947061	-79.170205	0.616179	1.000000
1.0365692188859954026015	0.5462483163315008383165	-78.859356	-79.082500	0.616179	1.000000
1.0775839578347419234206	0.5247863952226248240862	-78.901294	-79.124438	0.616179	1.000000
1.0644969407344162526385	0.5251465247969386851423	-78.809643	-79.032786	0.616179	1.000000
1.0905221302540626382438	0.5244303615680456776005	-79.053458	-79.276601	0.616179	1.000000
1.0909930296270553551352	0.5415427249684356958426	-79.040716	-79.263859	0.616179	1.000000
1.0630273473715481369339	0.5180478413830937878259	-78.864688	-79.087831	0.616179	1.000000
1.1191148174826834882367	0.5528956887165199507450	-79.622003	-79.845146	0.616179	1.000000
1.0685368658430280941474	0.4940222295225823456732	-79.423320	-79.646463	0.616179	1.000000
1.0892371266066116497484	0.5065378046977061510248	-79.296475	-79.519619	0.616179	1.000000
1.0966262875209968896684	0.5063344691817337483997	-79.418389	-79.641533	0.616179	1.000000
1.0174144694172497782603	0.5266537137968191339965	-78.992667	-79.215811	0.616179	1.000000
1.0350850914178650885589	0.5261674522193979797180	-78.829724	-79.052867	0.616179	1.000000
1.0654889669376796934586	0.4938902532531557754147	-79.409251	-79.632395	0.616179	1.000000
1.1254844701922357419477	0.5330319854004454960261	-79.704502	-79.927646	0.616179	1.000000
1.1254844701922357419477	0.5330319854004454960261	-79.704502	-79.927646	0.616179	1.000000
1.1367969860244468982557	0.5062752271517846347493	-80.430642	-80.653786	0.616179	1.000000
1.0357716492922197648596	0.4900372200202608996555	-79.565731	-79.788875	0.616241	1.000000
0.9512642048961643670424	0.5608641365878765938646	-80.629210	-80.852354	0.616241	1.000000
1.0515955661980123103660	0.5131099897017359356965	-78.909067	-79.132211	0.616241	1.000000
1.1038424112437601465331	0.4776739010222673664785	-80.640693	-80.863837	0.616241	1.000000
1.0400294145378281562841	0.5483939834305890936861	-78.863184	-79.086328	0.616241	1.000000
1.0942809683309075996505	0.5462036779170688083340	-79.114608	-79.337751	0.616241	1.000000
1.0764674700310035149187	0.5726160873988372923549	-79.338020	-79.561164	0.616241	1.000000
1.0516962869739734376395	0.5554581368427196075288	-78.924458	-79.147601	0.616241	1.000000
0.9849475598282785293591	0.5188564084216310545727	-79.674252	-79.897395	0.616241	1.000000
1.0832893956562628101636	0.5242784123938030171885	-78.963287	-79.186431	0.616241	1.000000
1.0567244711771954790436	0.5413069623043988976008	-78.786421	-79.009564	0.616241	1.000000
1.0038598067316466533327	0.5433277039591416501807	-79.191502	-79.414646	0.616241	1.000000
1.0584121773448280645624	0.5062552222158652748263	-79.042846	-79.265989	0.616241	1.000000
1.0854154180579351773872	0.5508488034114903397764	-79.046699	-79.269842	0.616241	1.000000
1.0611653540072429890984	0.4955076587682410438340	-79.336758	-79.559901	0.616241	1.000000
1.0619509079994002842540	0.5227679859164825471041	-78.815556	-79.038699	0.616241	1.000000
1.0658609047546576675813	0.5171120622585980708408	-78.888711	-79.111855	0.616241	1.000000
1.0314573883425741662734	0.5234482189401507001847	-78.871791	-79.094934	0.616241	1.000000
1.1189091317337220843342	0.5088332846894120242709	-79.842093	-80.065236	0.616241	1.000000
1.1231200010133683964142	0.5086723250191804712728	-79.957705	-80.180849	0.616241	1.000000
1.0356316177249746957045	0.5199795810832941178603	-78.873286	-79.096429	0.616241	1.000000
1.0361855242036634994207	0.5125441641531723879766	-78.966751	-79.189895	0.616241	1.000000
1.0452224188590706344115	0.5068612333124056235079	-79.031997	-79.255140	0.616241	1.000000
1.1110521847928502836567	0.5139149093253971845030	-79.552314	-79.775458	0.616241	1.000000
1.0303905747623058886120	0.5933360687825416368568	-79.896925	-80.120068	0.616241	1.000000
1.0349574850665512748549	0.5246041511536281287675	-78.839601	-79.062744	0.616241	1.000000
1.0138806715338462005604	0.5254098083066901514471	-79.046873	-79.270016	0.616241	1.000000
1.0633721243943274892274	0.5304868591407204680976	-78.784140	-79.007284	0.616241	1.000000
1.0855290368461349981288	0.5102454243468030892217	-79.169985	-79.393129	0.616241	1.000000
1.0825361361279255412171	0.5334725954517447465975	-78.921278	-79.144421	0.616241	1.000000
1.0747807925296000153281	0.5245992604246638713050	-78.878108	-79.101251	0.616241	1.000000
1.0747807925296000153281	0.5245992604246638713050	-78.878108	-79.101251	0.616241	1.000000
1.0711156483516355297780	0.5228066705797342894613	-78.863285	-79.086429	0.616241	1.000000
1.0711156483516355297780	0.5228066705797342894613	-78.863285	-79.086429	0.616241	1.000000
1.1052674861454327981392	0.5215012231331317416050	-79.326008	-79.549151	0.616241	1.000000
1.0501487228363184378566	0.5326444475559271030107	-78.760456	-78.983600	0.616241	1.000000
1.0635037107260312261303	0.5873745060044089916218	-79.661341	-79.884485	0.616241	1.000000
1.0588639864019964154096	0.5441121662119521307233	-78.808622	-79.031765	0.616241	1.000000
1.0332593794416720101026	0.5337393131552912173277	-78.822837	-79.045981	0.616241	1.000000
0.9902247588653348975285	0.5409113781291131628493	-79.437381	-79.660525	0.616241	1.000000
1.0015823454194632269321	0.5625888459786273498864	-79.444966	-79.668109	0.616241	1.000000
1.0794113412875570023886	0.5234900410344662802231	-78.927901	-79.151044	0.616241	1.000000
1.0794113412875570023886	0.5234900410344662802231	-78.927901	-79.151044	0.616241	1.000000
1.0792433332944459944969	0.5190947804334220538891	-78.967047	-79.190190	0.616241	1.000000
1.0959762869447164934655	0.5452799014604144955953	-79.132313	-79.355456	0.616241	1.000000
0.9621948816865717457603	0.6038721106018022366513	-81.304446	-81.527590	0.616241	1.000000
0.9593825653926025820439	0.5387195691226807081620	-80.255264	-80.478407	0.616241	1.000000
1.0937727593271484582971	0.4941387472526081459101	-79.718575	-79.941718	0.616241	1.000000
1.0843925013381834343562	0.4965784470977941400527	-79.497005	-79.720148	0.616241	1.000000
1.0024443127306847944880	0.5571487106043313541903	-79.348197	-79.571341	0.616241	1.000000
0.9618099896173687435308	0.5312403919331362134315	-80.208686	-80.431829	0.616241	1.000000
0.9674870843366302208821	0.4969057361325847632649	-80.730550	-80.953693	0.616241	1.000000
1.0736292195200161092572	0.4928484733817860008465	-79.502891	-79.726035	0.616241	1.000000
0.9385943133709304664336	0.5379895695199741201264	-80.998026	-81.221169	0.616241	1.000000
1.0830949083409502353703	0.5729564918041358811962	-79.401532	-79.624676	0.616241	1.000000
1.0494168756265305209041	0.5096953245375793750682	-78.968277	-79.191421	0.616241	1.000000
0.9834619883774725623837	0.5470082951439323437626	-79.614955	-79.838098	0.616241	1.000000
1.0274575212375658406216	0.5071799094425335496794	-79.134965	-79.358108	0.616241	1.000000
0.9897153833406954204222	0.5086225954216682110243	-79.741886	-79.965030	0.616241	1.000000
1.0015481922552817994898	0.5392238534518446479993	-79.214102	-79.437245	0.616241	1.000000
1.0375451014006462635564	0.5301333126098433101703	-78.800961	-79.024105	0.616241	1.000000
1.0680213743343474064318	0.4792915056130770956599	-80.029392	-80.252535	0.616241	1.000000
1.0280007227833793947980	0.4903052232015850941949	-79.621379	-79.844523	0.616241	1.000000
1.0738617106160202041565	0.4959182748521557826393	-79.402780	-79.625924	0.616241	1.000000
0.9610168445515360202691	0.5375797477067194574119	-80.205550	-80.428694	0.616241	1.000000
1.0226731805271365161047	0.5117393944918642301189	-79.097552	-79.320696	0.616241	1.000000
1.0646701946262673299515	0.5002897167369594333408	-79.210932	-79.434075	0.616241	1.000000
1.1436529763497917944193	0.5522903939676599982533	-80.252928	-80.476071	0.616241	1.000000
1.0573896915316804978602	0.5554180947565084958129	-78.928194	-79.151338	0.616241	1.000000
1.1203996755857239531196	0.6401584944624890693987	-82.304288	-82.527432	0.616241	1.000000
1.0856081051146884153269	0.6439522156142147846225	-82.055030	-82.278174	0.616241	1.000000
0.9824363476217302659776	0.6478959362477539896119	-82.695139	-82.918282	0.616241	1.000000
0.9821907116401353832202	0.6414698482259170164710	-82.395736	-82.618880	0.616241	1.000000
0.9976062004301030627929	0.6408805941248493232010	-82.134584	-82.357728	0.616241	1.000000
0.9802959567479884173125	0.6378063579425167217707	-82.260705	-82.483848	0.616241	1.000000
1.1058246766494872481701	0.5268195965895529075951	-79.291504	-79.514647	0.616241	1.000000
1.0980134084151229600934	0.5223709814136056062139	-79.185697	-79.408840	0.616241	1.000000
1.0959687178322814471443	0.4688797885621138195056	-80.991477	-81.214620	0.616241	1.000000
1.0890398379456438515689	0.4691446436662649044358	-80.847657	-81.070801	0.616241	1.000000
1.0483189500878880018320	0.4707011917910909337692	-80.447935	-80.671079	0.616241	1.000000
0.9708884318918066247406	0.5164250223027672115350	-80.102237	-80.325381	0.616241	1.000000
1.1284933262837195666606	0.5050207857766083607842	-80.203342	-80.426486	0.616241	1.000000
1.0652050460817570343153	0.5072969150868271714927	-79.046270	-79.269413	0.616241	1.000000
1.0384473927369983758950	0.5080921837856804401667	-79.034100	-79.257244	0.616241	1.000000
1.0116784059064285461460	0.4860230894697632475498	-80.016038	-80.239181	0.616241	1.000000
1.0651970666384362740331	0.5685498095450911559823	-79.183757	-79.406901	0.616241	1.000000
1.0644426392713366436027	0.5488132195081310005236	-78.867623	-79.090766	0.616241	1.000000
1.0551865237114101958582	0.5505567114392551086866	-78.863133	-79.086276	0.616241	1.000000
1.0614567876625711217997	0.5078500115659647651256	-79.018816	-79.241960	0.616241	1.000000
1.0980778771891526179871	0.5064501774456773297572	-79.441291	-79.664434	0.616241	1.000000
1.0378595572709208294526	0.5557377891435671957154	-78.961755	-79.184899	0.616241	1.000000
1.0207171996859374374367	0.4729856305394529725206	-80.532390	-80.755534	0.616241	1.000000
1.0260931201097938103572	0.5157984476487149638757	-78.998686	-79.221829	0.616241	1.000000
1.0437541734279831562304	0.5529006316535318710237	-78.901619	-79.124762	0.616241	1.000000
1.0437541734279831562304	0.5529006316535318710237	-78.901619	-79.124762	0.616241	1.000000
1.1291788390795065577521	0.5147773510124991069858	-80.002189	-80.225332	0.616241	1.000000
1.0905623396739227981556	0.5880773257548447263687	-79.876723	-80.099867	0.616241	1.000000
1.0251165838791347351133	0.6248537369755930992454	-81.130330	-81.353473	0.616241	1.000000
1.0891113110832424393237	0.4580123783940277526483	-81.638728	-81.861871	0.616241	1.000000
1.1226002677244992788985	0.5012911987263455326769	-80.139163	-80.362306	0.616241	1.000000
1.0395014494492929024716	0.5631469688942208895455	-79.075734	-79.298877	0.615833	1.000000
0.9915521567218780196740	0.5994516677855616926252	-80.547445	-80.770588	0.615833	1.000000
1.0032712881350374090061	0.5259663596482201386451	-79.210658	-79.433802	0.615833	1.000000
0.9626536646235541727634	0.5615519052717138359654	-80.293200	-80.516343	0.615833	1.000000
1.0972511613549591480421	0.4946879341933455576097	-79.761292	-79.984436	0.615833	1.000000
1.0706090500493736783483	0.5222788676020952980394	-78.864062	-79.087206	0.615833	1.000000
1.0999315517687882071129	0.5132636854038242768539	-79.338859	-79.562003	0.615833	1.000000
1.1927180446033176508536	0.5281295810327930606576	-82.307430	-82.530574	0.615833	1.000000
1.1126014485834698763966	0.5022473184727994643950	-79.851705	-80.074848	0.615833	1.000000
1.0038790701754971568249	0.5076256578300244459712	-79.460009	-79.683152	0.615833	1.000000
1.0756082811339870985989	0.4556087018843704150584	-81.636382	-81.859525	0.615833	1.000000
1.1050628522437881962048	0.4541516267047273069934	-82.301267	-82.524411	0.615833	1.000000
1.1228054983763535723540	0.4972000601001105302146	-80.276118	-80.499261	0.615833	1.000000
0.9905213464832708369912	0.5126454537269641287267	-79.640285	-79.863428	0.615833	1.000000
1.0353730196631683035946	0.5522092793295065860093	-78.927737	-79.150881	0.615833	1.000000
1.0500241046698621794064	0.4554216481826698359470	-81.520836	-81.743980	0.615833	1.000000
1.0413785791879877073995	0.4513008375556591955657	-81.896226	-82.119369	0.615833	1.000000
1.0419564396236136172291	0.4629822054977389966801	-80.971673	-81.194817	0.615833	1.000000
1.0868646532987380481927	0.5420523910201775485973	-78.991649	-79.214793	0.615833	1.000000
1.0548654119472273826830	0.5559856271416164785748	-78.933137	-79.156281	0.615833	1.000000
1.0550288186129042067307	0.5592888700499027976321	-78.984312	-79.207456	0.615833	1.000000
1.0415132154298130107151	0.5526702676765937738423	-78.905734	-79.128878	0.615833	1.000000
0.9939408629340258372054	0.5622182482986540774661	-79.570434	-79.793577	0.615833	1.000000
1.1574435932954989514343	0.5812581435520165484832	-81.106174	-81.329318	0.615833	1.000000
1.0561202531633551160439	0.5495835475465942199236	-78.853433	-79.076577	0.615833	1.000000
1.1243822726608809769999	0.5467522059136751266806	-79.694058	-79.917202	0.615833	1.000000
1.1205769178428410803861	0.4611442067871630023923	-82.177763	-82.400906	0.615833	1.000000
1.0452976446890236417175	0.4659929962720218421524	-80.752603	-80.975746	0.615833	1.000000
1.0588467436217785522246	0.5194119139669447493546	-78.836314	-79.059458	0.615833	1.000000
1.1297581966948346821056	0.5958776969714082438756	-80.760036	-80.983180	0.615833	1.000000
1.0667632953483305868758	0.5526185528891581766331	-78.921028	-79.144172	0.615833	1.000000
1.0075302824273935087263	0.4909349934813272975376	-79.890447	-80.113590	0.615833	1.000000
1.0180758435565921971033	0.5232708330787911865656	-79.007233	-79.230377	0.615833	1.000000
0.9984470145992245804223	0.4437309723282121254329	-83.310276	-83.533420	0.615833	1.000000
1.0832436019764180024083	0.5505276063261748120681	-79.020221	-79.243365	0.615833	1.000000
1.0299284622210478357118	0.5333333960758881442388	-78.846942	-79.070085	0.615833	1.000000
1.0289666888012898304794	0.5138912808167981349783	-78.999470	-79.222613	0.615833	1.000000
1.0703514161974301277525	0.5485460562286880170646	-78.894737	-79.117881	0.615833	1.000000
1.0703514161974301277525	0.5485460562286880170646	-78.894737	-79.117881	0.615833	1.000000
1.0645209252414136180676	0.5904895567457894012264	-79.760175	-79.983319	0.615833	1.000000
1.0616023264974459028309	0.5314904910515756419898	-78.776136	-78.999280	0.615833	1.000000
1.0195802833162457279315	0.5255731467146375068822	-78.972597	-79.195740	0.615833	1.000000
1.1129749494019787192656	0.5500734805632585544544	-79.466396	-79.689540	0.615833	1.000000
0.9678497748886741858243	0.5572526137761115716529	-80.096744	-80.319888	0.615833	1.000000
0.8836924992412965584876	0.5365958372649652918795	-83.695341	-83.918485	0.615833	1.000000
0.9562839105478126988658	0.5849899440287565921537	-80.916939	-81.140083	0.615833	1.000000
0.9953119905432631364661	0.5737577918863180359565	-79.766913	-79.990057	0.615833	1.000000
0.9345049251551953428674	0.5724282335463174442580	-81.357999	-81.581143	0.615833	1.000000
0.9453529213512347206816	0.5534364635289428235865	-80.760823	-80.983967	0.615833	1.000000
0.9195419466069528757757	0.5674458942487029533552	-81.867598	-82.090741	0.615833	1.000000
1.1368104612702827349580	0.5640545417154810836635	-80.192034	-80.415178	0.615833	1.000000
1.0687368442789377809277	0.5535870777187801294872	-78.943371	-79.166515	0.615833	1.000000
1.0384766676321757206125	0.5075019807080363154483	-79.045884	-79.269028	0.615833	1.000000
0.9942704099135286632816	0.5112302363826274342884	-79.581787	-79.804930	0.615833	1.000000
0.9951908632837750401379	0.5298370726158936339090	-79.342419	-79.565563	0.615833	1.000000
1.0171174070189354932126	0.5289552136124473502576	-78.985742	-79.208886	0.615833	1.000000
1.0402990642371015006518	0.4796995946471241389908	-79.985728	-80.208871	0.615833	1.000000
1.0392121593865222273223	0.4577279650028540092244	-81.376566	-81.599709	0.615833	1.000000
1.0443862644961334762428	0.5623217766399126738008	-79.044894	-79.268038	0.615833	1.000000
1.0431454071249857129544	0.5372380183093740102507	-78.779927	-79.003071	0.615833	1.000000
1.0069215345909106051892	0.5278393043087721281381	-79.137500	-79.360644	0.615833	1.000000
1.1108619595251401079850	0.5866052666910841484338	-80.119736	-80.342879	0.615833	1.000000
1.0693736833482261339157	0.5507325793019747228740	-78.912240	-79.135384	0.615833	1.000000
1.0177052980145049332350	0.5585622277669370916442	-79.162095	-79.385239	0.615833	1.000000
0.9392969058548512606421	0.5007217778650442374655	-81.710858	-81.934002	0.615833	1.000000
0.9392969058548512606421	0.5007217778650442374655	-81.710858	-81.934002	0.615833	1.000000
1.0762071392972683003819	0.5325705604498724987650	-78.861245	-79.084389	0.615833	1.000000
0.9871631879413743648755	0.5368664636553304170263	-79.498663	-79.721807	0.615833	1.000000
1.0414363686955117049848	0.6091833782114562945154	-80.408345	-80.631489	0.615833	1.000000
0.9606655143962705700744	0.5708047066156833881934	-80.492970	-80.716113	0.615833	1.000000
1.0743932273573209013051	0.4904312108325776797813	-79.597104	-79.820247	0.615833	1.000000
1.0655441342131808379889	0.4783817559830444432478	-80.059295	-80.282439	0.615833	1.000000
1.0633253687195476366867	0.5546084942657356631202	-78.932620	-79.155764	0.615833	1.000000
1.0763048176864942195863	0.5564481086329331471774	-79.032522	-79.255665	0.615833	1.000000
1.1378383533900973123565	0.5406383654159548912688	-80.033621	-80.256765	0.615833	1.000000
1.0872059861844824979471	0.5690146447939232743352	-79.356738	-79.579881	0.615833	1.000000
1.0959345056363387627130	0.5592808623371215981379	-79.288513	-79.511656	0.615833	1.000000
1.0762719772104794024870	0.5945619996403688212183	-79.951342	-80.174486	0.615833	1.000000
0.9992569388274235020475	0.5615979626262451729346	-79.466844	-79.689988	0.615833	1.000000
1.0162935833486679282345	0.5681835027348041133877	-79.349707	-79.572851	0.615833	1.000000
0.9102439668620453394610	0.5719126808598170574882	-82.312954	-82.536097	0.615833	1.000000
1.0957055788818337305202	0.5168376602273986319958	-79.211342	-79.434485	0.615833	1.000000
1.0636605870948669938514	0.5250982966834203402584	-78.806328	-79.029471	0.615833	1.000000
1.0745711933141701699412	0.5245585647193138356670	-78.876664	-79.099807	0.615833	1.000000
0.9993221653406489934923	0.5691242698014629119996	-79.601760	-79.824903	0.615833	1.000000
0.9760504428712415414537	0.5513771509853337970952	-79.825137	-80.048280	0.615833	1.000000
1.0665074246629098198014	0.5163308690687360424931	-78.901921	-79.125065	0.615833	1.000000
1.0793197038640793827824	0.4934235321484530256697	-79.539735	-79.762878	0.615833	1.000000
1.0650436050783356201066	0.5724703478318847738038	-79.270031	-79.493175	0.615833	1.000000
1.0739997141842405614653	0.5736582842416004801578	-79.344968	-79.568111	0.615833	1.000000
1.0256087218384002390792	0.5163496877476969615373	-78.996052	-79.219195	0.615833	1.000000
1.0262791381235600862709	0.5299020592521267447594	-78.882937	-79.106081	0.615833	1.000000
1.0686430355373208733738	0.5398304457187660387874	-78.821746	-79.044890	0.615833	1.000000
1.0888077297124958420227	0.5406832340189873242764	-79.008668	-79.231812	0.615833	1.000000
1.1238177686565919977113	0.5342881735136520982010	-79.658293	-79.881437	0.615833	1.000000
1.1028419209646671550473	0.5646329482825320766892	-79.480344	-79.703487	0.615833	1.000000
1.1607311656483589867861	0.5068477230202312888707	-81.314921	-81.538065	0.615833	1.000000
1.1179606405972724036957	0.5374729484048169636523	-79.514649	-79.737793	0.615833	1.000000
1.1308423247319729920690	0.5802436975161574528315	-80.358042	-80.581186	0.615833	1.000000
1.1297035415990432927202	0.5803000314764042988358	-80.332981	-80.556124	0.615833	1.000000
